﻿識別番号,報告回数,性別,年齢,体重,身長,報告年度・四半期,状況,報告の種類,報告者の資格,E2B
AB-07025760,3,女性,60歳代,50kg台,150cm台,2007・第四,調査完了,試験,医師,R2
AB-07027398,2,女性,70歳代,40kg台,140cm台,2007・第四,調査完了,試験,医師,R2
AB-08009642,3,女性,50歳代,50kg台,150cm台,2008・第二,調査完了,試験,医師,R2
AB-08012331,2,女性,60歳代,Missing,,2008・第二,調査完了,試験,医師,R2
AB-08012427,7,女性,50歳代,50kg台,150cm台,2008・第二,調査完了,試験,医師,R2
AB-08012833,4,女性,60歳代,50kg台,140cm台,2008・第二,調査完了,試験,医師,R2
AB-08013090,6,女性,70歳代,30kg台,140cm台,2008・第二,調査完了,試験,医師,R2
AB-08013507,4,女性,60歳代,40kg台,150cm台,2008・第二,調査完了,試験,医師,R2
AB-08013514,3,女性,70歳代,40kg台,140cm台,2008・第二,調査完了,試験,医師,R2
AB-08013691,2,女性,60歳代,60kg台,150cm台,2008・第二,調査完了,自発報告,医師,R2
AB-08013990,2,女性,70歳代,40kg台,150cm台,2008・第二,調査完了,試験,,R2
AB-08014456,2,女性,60歳代,40kg台,150cm台,2008・第二,調査完了,試験,医師,R2
AB-08014552,10,女性,70歳代,40kg台,140cm台,2008・第二,調査完了,試験,医師,R2
AB-08014935,3,女性,60歳代,40kg台,160cm台,2008・第二,調査完了,試験,医師,R2
AB-08015273,4,女性,60歳代,40kg台,150cm台,2008・第三,調査完了,試験,医師,R2
AB-08015344,3,女性,80歳代,40kg台,150cm台,2008・第三,調査完了,試験,医師,R2
AB-08015854,3,女性,70歳代,Missing,,2008・第三,調査完了,試験,医師,R2
AB-08016123,4,女性,70歳代,60kg台,150cm台,2008・第三,調査完了,試験,医師,R2
AB-08016128,3,女性,60歳代,40kg台,150cm台,2008・第三,調査完了,試験,医師,R2
AB-08016943,3,女性,60歳代,50kg台,140cm台,2008・第三,調査完了,試験,医師,R2
AB-08016956,4,女性,80歳代,40kg台,150cm台,2008・第三,調査完了,試験,医師,R2
AB-08016962,3,女性,50歳代,60kg台,140cm台,2008・第三,調査完了,試験,医師,R2
AB-08017885,1,女性,40歳代,40kg台,150cm台,2008・第三,調査完了,試験,医師,R2
AB-08018038,4,女性,10歳代,40kg台,150cm台,2008・第三,調査完了,試験,医師,R2
AB-08018235,2,女性,50歳代,40kg台,140cm台,2008・第三,調査完了,試験,医師,R2
AB-08018529,2,女性,70歳代,Missing,,2008・第三,調査完了,試験,医師,R2
AB-08018670,7,女性,60歳代,40kg台,150cm台,2008・第三,調査完了,試験,医師,R2
AB-08018837,3,女性,60歳代,50kg台,150cm台,2008・第三,調査完了,試験,医師,R2
AB-08018840,2,女性,10歳代,40kg台,150cm台,2008・第三,調査完了,試験,医師,R2
AB-08018971,3,女性,50歳代,40kg台,150cm台,2008・第三,調査完了,試験,医師,R2
AB-08019092,3,女性,60歳代,40kg台,150cm台,2008・第三,調査完了,試験,医師,R2
AB-08019880,4,女性,70歳代,50kg台,150cm台,2008・第三,調査完了,試験,医師,R2
AB-08020410,4,女性,70歳代,30kg台,150cm台,2008・第三,調査完了,試験,医師,R2
AB-08020465,5,女性,70歳代,40kg台,160cm台,2008・第三,調査完了,試験,医師,R2
AB-08020845,4,女性,70歳代,50kg台,150cm台,2008・第三,調査完了,試験,医師,R2
AB-08021549,2,女性,70歳代,40kg台,140cm台,2008・第三,調査完了,試験,医師,R2
AB-08022236,8,女性,50歳代,50kg台,160cm台,2008・第三,調査完了,試験,医師,R2
AB-08023408,5,女性,60歳代,Missing,,2008・第三,調査完了,試験,医師,R2
AB-08023410,1,女性,70歳代,40kg台,140cm台,2008・第三,調査完了,試験,医師,R2
AB-08023815,7,女性,50歳代,50kg台,150cm台,2008・第三,調査完了,試験,薬剤師,R2
AB-08024028,5,女性,60歳代,50kg台,150cm台,2008・第三,調査完了,試験,医師,R2
AB-08024093,3,女性,70歳代,40kg台,,2008・第三,調査完了,試験,医師,R2
AB-08024530,3,女性,50歳代,40kg台,140cm台,2008・第三,調査完了,試験,医師,R2
AB-08024659,4,女性,60歳代,Missing,,2008・第四,調査完了,試験,医師,R2
AB-08024922,3,女性,70歳代,40kg台,150cm台,2008・第四,調査完了,試験,医師,R2
AB-08024923,3,女性,60歳代,40kg台,140cm台,2008・第四,調査完了,試験,医師,R2
AB-08025054,7,女性,70歳代,40kg台,140cm台,2008・第四,調査完了,試験,医師,R2
AB-08025528,2,女性,50歳代,40kg台,140cm台,2008・第四,調査完了,試験,医師,R2
AB-08025853,5,女性,70歳代,50kg台,140cm台,2008・第四,調査完了,試験,医師,R2
AB-08025985,2,女性,70歳代,60kg台,140cm台,2008・第四,調査完了,試験,,R2
AB-08026377,4,女性,50歳代,40kg台,150cm台,2008・第四,調査完了,試験,医師,R2
AB-08026378,2,女性,70歳代,50kg台,150cm台,2008・第四,調査完了,試験,医師,R2
AB-08026640,5,女性,70歳代,50kg台,150cm台,2008・第四,調査完了,試験,医師,R2
AB-08026644,6,女性,80歳代,50kg台,140cm台,2008・第四,調査完了,試験,医師,R2
AB-08026964,5,女性,50歳代,50kg台,160cm台,2008・第四,調査完了,試験,医師,R2
AB-08027247,4,女性,60歳代,40kg台,150cm台,2008・第四,調査完了,試験,,R2
AB-08027603,6,女性,60歳代,60kg台,150cm台,2008・第四,調査完了,試験,医師,R2
AB-08027606,2,女性,30歳代,50kg台,160cm台,2008・第四,調査完了,試験,医師,R2
AB-08028450,5,女性,50歳代,70kg台,140cm台,2008・第四,調査完了,試験,医師,R2
AB-08028517,2,女性,30歳代,70kg台,160cm台,2008・第四,調査完了,試験,医師,R2
AB-08028666,2,女性,60歳代,50kg台,140cm台,2008・第四,調査完了,試験,医師,R2
AB-08028891,2,女性,50歳代,50kg台,150cm台,2008・第四,調査完了,試験,医師;医療関係者,R2
AB-08029051,5,女性,70歳代,50kg台,150cm台,2008・第四,調査完了,試験,医師,R2
AB-08029052,2,女性,60歳代,50kg台,,2008・第四,調査完了,試験,医師,R2
AB-08029167,5,女性,50歳代,50kg台,,2008・第四,調査完了,試験,医師,R2
AB-08029214,2,女性,70歳代,Missing,,2008・第四,調査完了,試験,医師,R2
AB-08029498,3,女性,70歳代,40kg台,140cm台,2008・第四,調査完了,試験,医師,R2
AB-08029717,4,女性,70歳代,40kg台,150cm台,2008・第四,調査完了,試験,,R2
AB-08029926,1,女性,20歳代,40kg台,160cm台,2008・第四,調査完了,試験,医師,R2
AB-08029993,2,女性,50歳代,60kg台,,2008・第四,調査完了,試験,医師,R2
AB-08030151,4,女性,70歳代,60kg台,150cm台,2008・第四,調査完了,試験,医師,R2
AB-08030335,2,女性,70歳代,60kg台,150cm台,2008・第四,調査完了,試験,医師,R2
AB-08030453,5,女性,60歳代,50kg台,150cm台,2008・第四,調査完了,試験,医師,R2
AB-08031146,5,女性,60歳代,50kg台,160cm台,2008・第四,調査完了,試験,医師,R2
AB-08031435,8,女性,70歳代,50kg台,150cm台,2008・第四,調査完了,試験,医師,R2
AB-08032275,2,女性,70歳代,70kg台,150cm台,2008・第四,調査完了,試験,医師,R2
AB-08032278,4,女性,20歳代,50kg台,150cm台,2008・第四,調査完了,試験,医師,R2
AB-09000321,3,女性,60歳代,50kg台,150cm台,2009・第一,調査完了,試験,,R2
AB-09000498,2,女性,50歳代,50kg台,140cm台,2009・第一,調査完了,試験,医師,R2
AB-09000547,2,女性,80歳代,40kg台,140cm台,2009・第一,調査完了,試験,医師,R2
AB-09000730,4,女性,50歳代,40kg台,160cm台,2009・第一,調査完了,試験,医師,R2
AB-09000940,2,女性,60歳代,50kg台,150cm台,2009・第一,調査完了,試験,医師,R2
AB-09000969,2,女性,60歳代,50kg台,150cm台,2009・第一,調査完了,自発報告,医師,R2
AB-09000972,5,女性,60歳代,40kg台,150cm台,2009・第一,調査完了,試験,医師,R2
AB-09000973,4,女性,60歳代,40kg台,150cm台,2009・第一,調査完了,試験,医師,R2
AB-09001374,4,女性,60歳代,40kg台,150cm台,2009・第一,調査完了,試験,医師,R2
AB-09001417,4,女性,60歳代,50kg台,150cm台,2009・第一,調査完了,試験,医師,R2
AB-09001857,6,女性,60歳代,60kg台,150cm台,2009・第一,調査完了,試験,医師,R2
AB-09002026,3,女性,70歳代,40kg台,150cm台,2009・第一,調査完了,試験,医師,R2
AB-09002201,2,女性,50歳代,50kg台,160cm台,2009・第一,調査完了,試験,医師;薬剤師,R2
AB-09002513,3,女性,70歳代,40kg台,150cm台,2009・第一,調査完了,試験,医師,R2
AB-09002726,1,女性,50歳代,40kg台,150cm台,2009・第一,調査完了,試験,医師,R2
AB-09003035,5,女性,40歳代,Missing,,2009・第一,調査完了,試験,,R2
AB-09003066,3,女性,70歳代,40kg台,,2009・第一,調査完了,試験,医師,R2
AB-09003152,5,女性,50歳代,40kg台,160cm台,2009・第一,調査完了,試験,医師,R2
AB-09003161,4,女性,70歳代,50kg台,140cm台,2009・第一,調査完了,試験,医師,R2
AB-09003345,4,女性,70歳代,40kg台,140cm台,2009・第一,調査完了,試験,医師,R2
AB-09003587,4,女性,70歳代,40kg台,140cm台,2009・第一,調査完了,試験,薬剤師,R2
AB-09003590,3,女性,60歳代,50kg台,150cm台,2009・第一,調査完了,試験,医師,R2
AB-09003592,4,女性,70歳代,Missing,,2009・第一,調査完了,試験,医師,R2
AB-09003596,3,女性,60歳代,50kg台,150cm台,2009・第一,調査完了,試験,医師,R2
AB-09003712,4,女性,70歳代,60kg台,150cm台,2009・第一,調査完了,試験,医師,R2
AB-09003888,6,女性,70歳代,50kg台,140cm台,2009・第一,調査完了,試験,医師,R2
AB-09004305,4,女性,80歳代,40kg台,150cm台,2009・第一,調査完了,試験,医師,R2
AB-09004377,6,女性,50歳代,40kg台,140cm台,2009・第一,調査完了,試験,医師,R2
AB-09004454,3,女性,60歳代,60kg台,150cm台,2009・第一,調査完了,試験,医師,R2
AB-09005283,2,女性,60歳代,50kg台,150cm台,2009・第一,調査完了,試験,医師,R2
AB-09005372,2,女性,70歳代,40kg台,150cm台,2009・第一,調査完了,試験,医師,R2
AB-09005440,4,女性,60歳代,40kg台,150cm台,2009・第一,調査完了,試験,医師,R2
AB-09005607,2,女性,40歳代,60kg台,150cm台,2009・第一,調査完了,試験,医師,R2
AB-09005640,3,女性,60歳代,30kg台,140cm台,2009・第一,調査完了,試験,,R2
AB-09005675,5,女性,50歳代,50kg台,150cm台,2009・第一,調査完了,試験,医師,R2
AB-09005817,7,女性,50歳代,40kg台,150cm台,2009・第一,調査完了,試験,医師,R2
AB-09005923,3,女性,70歳代,50kg台,150cm台,2009・第一,調査完了,試験,医師,R2
AB-09005931,2,女性,50歳代,50kg台,140cm台,2009・第一,調査完了,試験,医師,R2
AB-09006218,6,女性,60歳代,40kg台,140cm台,2009・第一,調査完了,試験,医師,R2
AB-09006410,4,女性,40歳代,40kg台,160cm台,2009・第一,調査完了,試験,医師,R2
AB-09006453,2,女性,50歳代,50kg台,150cm台,2009・第一,調査完了,試験,医師,R2
AB-09006459,2,女性,60歳代,60kg台,150cm台,2009・第一,調査完了,試験,医師;薬剤師,R2
AB-09006597,3,女性,60歳代,60kg台,150cm台,2009・第一,調査完了,試験,医師,R2
AB-09006604,3,女性,50歳代,50kg台,150cm台,2009・第一,調査完了,試験,医師,R2
AB-09006637,5,女性,70歳代,40kg台,140cm台,2009・第一,調査完了,試験,医師,R2
AB-09006911,4,女性,60歳代,40kg台,150cm台,2009・第一,調査完了,試験,医師,R2
AB-09007184,3,女性,60歳代,Missing,,2009・第一,調査完了,試験,医師,R2
AB-09007336,2,女性,70歳代,40kg台,140cm台,2009・第一,調査完了,試験,医師,R2
AB-09007899,5,女性,60歳代,40kg台,140cm台,2009・第一,調査完了,試験,医師,R2
AB-09008015,4,女性,60歳代,Missing,,2009・第一,調査完了,試験,医師,R2
AB-09008166,3,女性,50歳代,40kg台,150cm台,2009・第一,調査完了,試験,医師,R2
AB-09008316,3,女性,40歳代,40kg台,150cm台,2009・第二,調査完了,試験,医師,R2
AB-09009214,2,女性,70歳代,40kg台,140cm台,2009・第二,調査完了,試験,医師,R2
AB-09009243,3,女性,80歳代,50kg台,140cm台,2009・第二,調査完了,試験,医師,R2
AB-09009364,3,女性,30歳代,30kg台,150cm台,2009・第二,調査完了,試験,医師,R2
AB-09009528,2,女性,50歳代,40kg台,150cm台,2009・第二,調査完了,試験,医師,R2
AB-09009707,2,女性,60歳代,30kg台,150cm台,2009・第二,調査完了,試験,医師,R2
AB-09010527,2,女性,70歳代,50kg台,150cm台,2009・第二,調査完了,試験,医師,R2
AB-09010903,3,女性,60歳代,40kg台,140cm台,2009・第二,調査完了,試験,医師,R2
AB-09010904,3,女性,70歳代,50kg台,150cm台,2009・第二,調査完了,試験,医師,R2
AB-09010970,4,女性,50歳代,Missing,,2009・第二,調査完了,自発報告,,R2
AB-09011256,2,女性,70歳代,50kg台,150cm台,2009・第二,調査完了,試験,医師,R2
AB-09011743,5,女性,70歳代,40kg台,140cm台,2009・第二,調査完了,試験,医師,R2
AB-09011762,2,女性,60歳代,40kg台,,2009・第二,調査完了,試験,医師,R2
AB-09011763,2,女性,60歳代,30kg台,140cm台,2009・第二,調査完了,試験,医師,R2
AB-09011788,3,女性,70歳代,40kg台,140cm台,2009・第二,調査完了,試験,医師,R2
AB-09011789,2,女性,70歳代,40kg台,150cm台,2009・第二,調査完了,試験,医師,R2
AB-09012066,1,女性,60歳代,50kg台,150cm台,2009・第二,調査完了,試験,医師,R2
AB-09012240,3,女性,60歳代,50kg台,150cm台,2009・第二,調査完了,試験,医師,R2
AB-09012434,2,女性,70歳代,40kg台,150cm台,2009・第二,調査完了,試験,医師,R2
AB-09012545,3,女性,70歳代,40kg台,150cm台,2009・第二,調査完了,試験,医師,R2
AB-09012624,4,女性,50歳代,40kg台,150cm台,2009・第二,調査完了,試験,医師,R2
AB-09012649,2,女性,70歳代,50kg台,140cm台,2009・第二,調査完了,試験,医師,R2
AB-09012664,1,女性,40歳代,60kg台,150cm台,2009・第二,調査完了,試験,医師,R2
AB-09012776,4,女性,50歳代,40kg台,150cm台,2009・第二,調査完了,試験,医師,R2
AB-09012799,3,女性,50歳代,40kg台,140cm台,2009・第二,調査完了,試験,医師,R2
AB-09012844,2,女性,40歳代,60kg台,160cm台,2009・第二,調査完了,試験,医師,R2
AB-09014018,2,女性,50歳代,40kg台,,2009・第二,調査完了,試験,医師;消費者等,R2
AB-09014255,2,女性,60歳代,50kg台,150cm台,2009・第二,調査完了,試験,医師,R2
AB-09014361,2,女性,60歳代,60kg台,150cm台,2009・第二,調査完了,試験,医師,R2
AB-09014479,2,女性,60歳代,60kg台,160cm台,2009・第二,調査完了,試験,医師,R2
AB-09014649,3,女性,60歳代,40kg台,150cm台,2009・第二,調査完了,試験,医師,R2
AB-09014795,2,女性,80歳代,50kg台,140cm台,2009・第二,調査完了,試験,医師,R2
AB-09014893,4,女性,70歳代,50kg台,160cm台,2009・第二,調査完了,試験,医師,R2
AB-09014978,2,女性,70歳代,60kg台,160cm台,2009・第二,調査完了,試験,医師,R2
AB-09015179,3,女性,50歳代,40kg台,160cm台,2009・第二,調査完了,試験,医師,R2
AB-09015346,3,女性,60歳代,50kg台,150cm台,2009・第二,調査完了,試験,医師,R2
AB-09015347,4,女性,50歳代,60kg台,150cm台,2009・第二,調査完了,試験,医師,R2
AB-09015463,5,女性,50歳代,50kg台,,2009・第二,調査完了,試験,医師,R2
AB-09015468,3,女性,50歳代,40kg台,150cm台,2009・第二,調査完了,試験,医師,R2
AB-09015471,2,女性,60歳代,60kg台,160cm台,2009・第二,調査完了,試験,医師,R2
AB-09015472,5,女性,50歳代,50kg台,150cm台,2009・第二,調査完了,試験,医師,R2
AB-09015968,3,女性,60歳代,Missing,,2009・第二,調査完了,試験,医師,R2
AB-09016038,3,女性,70歳代,50kg台,,2009・第二,調査完了,試験,医師,R2
AB-09016084,2,女性,60歳代,30kg台,150cm台,2009・第二,調査完了,試験,医師,R2
AB-09016399,2,女性,50歳代,40kg台,140cm台,2009・第二,調査完了,試験,医師,R2
AB-09016402,5,女性,60歳代,70kg台,140cm台,2009・第二,調査完了,試験,医師,R2
AB-09016896,6,女性,60歳代,60kg台,150cm台,2009・第三,調査完了,試験,医師,R2
AB-09017389,2,女性,70歳代,40kg台,140cm台,2009・第三,調査完了,試験,医師,R2
AB-09017814,2,女性,60歳代,50kg台,150cm台,2009・第三,調査完了,試験,医師,R2
AB-09017961,4,女性,70歳代,50kg台,150cm台,2009・第三,調査完了,試験,医師,R2
AB-09018470,3,女性,60歳代,50kg台,150cm台,2009・第三,調査完了,試験,医師,R2
AB-09019261,2,女性,70歳代,40kg台,150cm台,2009・第三,調査完了,試験,医師,R2
AB-09019262,3,女性,70歳代,50kg台,140cm台,2009・第三,調査完了,試験,医師,R2
AB-09019401,3,女性,60歳代,Missing,,2009・第三,調査完了,自発報告,医療関係者,R2
AB-09019439,2,女性,70歳代,40kg台,140cm台,2009・第三,調査完了,試験,医師,R2
AB-09019581,6,女性,40歳代,60kg台,150cm台,2009・第三,調査完了,試験,医師,R2
AB-09019590,2,女性,70歳代,Missing,,2009・第三,調査完了,試験,医師,R2
AB-09019794,2,女性,40歳代,Missing,,2009・第三,調査完了,試験,医師,R2
AB-09019808,3,女性,40歳代,50kg台,,2009・第三,調査完了,自発報告,医師,R2
AB-09019819,2,女性,70歳代,50kg台,150cm台,2009・第三,調査完了,試験,医師,R2
AB-09020130,4,女性,70歳代,40kg台,150cm台,2009・第三,調査完了,試験,医師,R2
AB-09021971,2,女性,50歳代,40kg台,150cm台,2009・第三,調査完了,試験,医師,R2
AB-09022263,2,女性,60歳代,40kg台,150cm台,2009・第三,調査完了,試験,医師,R2
AB-09022577,5,女性,60歳代,30kg台,140cm台,2009・第三,調査完了,試験,医師,R2
AB-09022578,2,女性,60歳代,50kg台,150cm台,2009・第三,調査完了,試験,医師,R2
AB-09022641,2,女性,40歳代,60kg台,150cm台,2009・第三,調査完了,試験,医師,R2
AB-09022699,3,女性,50歳代,Missing,,2009・第三,調査完了,試験,医師,R2
AB-09022979,2,女性,20歳代,40kg台,160cm台,2009・第三,調査完了,試験,医師,R2
AB-09023065,2,女性,50歳代,40kg台,150cm台,2009・第三,調査完了,試験,薬剤師,R2
AB-09023336,4,女性,60歳代,50kg台,140cm台,2009・第三,調査完了,試験,医師,R2
AB-09023472,2,女性,70歳代,50kg台,150cm台,2009・第三,調査完了,試験,医師,R2
AB-09023473,3,女性,70歳代,40kg台,140cm台,2009・第三,調査完了,試験,医師,R2
AB-09023485,2,女性,60歳代,50kg台,150cm台,2009・第三,調査完了,試験,医師,R2
AB-09023626,3,女性,80歳代,40kg台,150cm台,2009・第三,調査完了,試験,医師,R2
AB-09023830,2,女性,50歳代,40kg台,150cm台,2009・第三,調査完了,試験,医師,R2
AB-09024296,2,女性,70歳代,50kg台,140cm台,2009・第三,調査完了,試験,医師,R2
AB-09024444,3,女性,70歳代,50kg台,150cm台,2009・第三,調査完了,自発報告,医師,R2
AB-09024445,4,女性,60歳代,40kg台,150cm台,2009・第三,調査完了,自発報告,医師,R2
AB-09024617,3,女性,70歳代,40kg台,140cm台,2009・第三,調査完了,試験,医師,R2
AB-09024656,2,女性,50歳代,40kg台,150cm台,2009・第三,調査完了,試験,医師,R2
AB-09025082,2,女性,40歳代,70kg台,150cm台,2009・第三,調査完了,試験,医師,R2
AB-09025476,2,女性,60歳代,30kg台,140cm台,2009・第三,調査完了,試験,医師,R2
AB-09025508,3,女性,50歳代,Missing,,2009・第三,調査完了,試験,医師,R2
AB-09025717,2,女性,40歳代,40kg台,150cm台,2009・第四,調査完了,試験,医師,R2
AB-09025792,2,女性,40歳代,50kg台,140cm台,2009・第四,調査完了,自発報告,医師,R2
AB-09025834,1,女性,60歳代,40kg台,150cm台,2009・第四,調査完了,試験,医師,R2
AB-09026165,2,女性,50歳代,70kg台,150cm台,2009・第四,調査完了,試験,医師,R2
AB-09026381,1,女性,60歳代,40kg台,160cm台,2009・第四,調査完了,試験,医師,R2
AB-09026382,4,女性,60歳代,70kg台,160cm台,2009・第四,調査完了,自発報告,医師,R2
AB-09027175,7,女性,40歳代,40kg台,140cm台,2009・第四,調査完了,試験,医師,R2
AB-09027434,3,女性,50歳代,50kg台,150cm台,2009・第四,調査完了,試験,薬剤師,R2
AB-09027546,2,女性,60歳代,50kg台,150cm台,2009・第四,調査完了,試験,医師,R2
AB-09027547,2,女性,70歳代,60kg台,150cm台,2009・第四,調査完了,試験,医師,R2
AB-09027759,1,女性,50歳代,50kg台,160cm台,2009・第四,調査完了,試験,医師,R2
AB-09027829,2,女性,60歳代,50kg台,160cm台,2009・第四,調査完了,試験,医師,R2
AB-09028330,2,女性,60歳代,40kg台,150cm台,2009・第四,調査完了,試験,医師,R2
AB-09028331,2,女性,70歳代,40kg台,140cm台,2009・第四,調査完了,試験,医師,R2
AB-09028499,1,女性,60歳代,50kg台,140cm台,2009・第四,調査完了,試験,医師,R2
AB-09028686,2,女性,70歳代,50kg台,150cm台,2009・第四,調査完了,試験,医師,R2
AB-09029069,2,女性,60歳代,40kg台,140cm台,2009・第四,調査完了,試験,医師,R2
AB-09029070,2,女性,60歳代,50kg台,150cm台,2009・第四,調査完了,試験,医師,R2
AB-09029219,3,女性,30歳代,50kg台,160cm台,2009・第四,調査完了,試験,薬剤師,R2
AB-09029737,4,女性,60歳代,50kg台,150cm台,2009・第四,調査完了,試験,医師,R2
AB-09029875,4,女性,40歳代,50kg台,160cm台,2009・第四,調査完了,試験,医師,R2
AB-09029945,2,女性,60歳代,Missing,,2009・第四,調査完了,試験,,R2
AB-09029948,2,女性,60歳代,40kg台,140cm台,2009・第四,調査完了,試験,医師,R2
AB-09030091,2,女性,40歳代,50kg台,160cm台,2009・第四,調査完了,試験,医師,R2
AB-09030500,3,女性,50歳代,40kg台,150cm台,2009・第四,調査完了,試験,医師,R2
AB-09030843,2,女性,60歳代,60kg台,150cm台,2009・第四,調査完了,試験,医師,R2
AB-09030987,3,女性,60歳代,70kg台,170cm台,2009・第四,調査完了,試験,医師,R2
AB-09031423,1,女性,60歳代,50kg台,150cm台,2009・第四,調査完了,試験,医師,R2
AB-09031605,2,女性,40歳代,50kg台,160cm台,2009・第四,調査完了,試験,医師,R2
AB-09031820,6,女性,50歳代,40kg台,150cm台,2009・第四,調査完了,試験,医師,R2
AB-09031931,1,女性,50歳代,50kg台,150cm台,2009・第四,調査完了,試験,医師,R2
AB-09032109,2,女性,60歳代,40kg台,150cm台,2009・第四,調査完了,試験,医師,R2
AB-09032110,2,女性,60歳代,40kg台,150cm台,2009・第四,調査完了,試験,医師,R2
AB-09032443,4,女性,40歳代,50kg台,160cm台,2009・第四,調査完了,自発報告,医師,R2
AB-09032607,2,女性,70歳代,50kg台,140cm台,2009・第四,調査完了,試験,医師,R2
AB-09032721,4,女性,60歳代,50kg台,150cm台,2009・第四,調査完了,試験,医師,R2
AB-09033017,2,女性,60歳代,40kg台,140cm台,2009・第四,調査完了,試験,医師,R2
AB-09033332,2,女性,60歳代,50kg台,160cm台,2009・第四,調査完了,試験,医師,R2
AB-09033443,2,女性,70歳代,40kg台,140cm台,2009・第四,調査完了,試験,医師,R2
AB-09033460,4,女性,50歳代,Missing,,2009・第四,調査完了,自発報告,薬剤師,R2
AB-09033475,2,女性,60歳代,40kg台,150cm台,2009・第四,調査完了,試験,医師,R2
AB-09033476,2,女性,70歳代,40kg台,150cm台,2009・第四,調査完了,試験,医師,R2
AB-09033487,2,女性,70歳代,50kg台,140cm台,2009・第四,調査完了,試験,医師,R2
AB-10000048,2,女性,40歳代,50kg台,150cm台,2010・第一,調査完了,試験,医師,R2
AB-10000490,2,女性,70歳代,50kg台,150cm台,2010・第一,調査完了,試験,医師,R2
AB-10000491,1,女性,50歳代,50kg台,150cm台,2010・第一,調査完了,試験,医師,R2
AB-10000510,1,女性,60歳代,50kg台,140cm台,2010・第一,調査完了,試験,医師,R2
AB-10000617,2,女性,70歳代,40kg台,140cm台,2010・第一,調査完了,試験,医師,R2
AB-10000693,3,女性,60歳代,40kg台,140cm台,2010・第一,調査完了,試験,医師,R2
AB-10001073,1,女性,50歳代,40kg台,150cm台,2010・第一,調査完了,試験,医師,R2
AB-10001126,4,女性,80歳代,30kg台,150cm台,2010・第一,調査完了,試験,医師,R2
AB-10001252,4,女性,70歳代,60kg台,140cm台,2010・第一,調査完了,試験,医師,R2
AB-10001866,2,女性,50歳代,40kg台,150cm台,2010・第一,調査完了,試験,医師,R2
AB-10001867,2,女性,60歳代,40kg台,150cm台,2010・第一,調査完了,試験,医師,R2
AB-10002168,5,女性,70歳代,40kg台,140cm台,2010・第一,調査完了,試験,医師,R2
AB-10002821,1,女性,70歳代,50kg台,150cm台,2010・第一,調査完了,試験,医師,R2
AB-10003407,2,女性,70歳代,30kg台,150cm台,2010・第一,調査完了,試験,医師,R2
AB-10003430,3,女性,60歳代,Missing,,2010・第一,調査完了,自発報告,医師,R2
AB-10003517,2,女性,60歳代,Missing,,2010・第一,調査完了,自発報告,,R2
AB-10003870,2,女性,50歳代,40kg台,150cm台,2010・第一,調査完了,試験,医師,R2
AB-10003873,2,女性,80歳代,50kg台,150cm台,2010・第一,調査完了,試験,医師,R2
AB-10004220,3,女性,40歳代,40kg台,140cm台,2010・第一,調査完了,試験,医師,R2
AB-10004221,3,女性,60歳代,30kg台,150cm台,2010・第一,調査完了,試験,医師,R2
AB-10004729,2,女性,70歳代,50kg台,130cm台,2010・第一,調査完了,試験,医師,R2
AB-10004796,4,女性,50歳代,60kg台,150cm台,2010・第一,調査完了,試験,医師,R2
AB-10004822,1,女性,60歳代,40kg台,,2010・第一,調査完了,試験,医師,R2
AB-10005078,2,女性,50歳代,Missing,,2010・第一,調査完了,試験,医師,R2
AB-10005187,2,女性,50歳代,40kg台,150cm台,2010・第一,調査完了,自発報告,医師,R2
AB-10005370,1,女性,40歳代,40kg台,150cm台,2010・第一,調査完了,試験,医師,R2
AB-10005578,4,女性,60歳代,40kg台,150cm台,2010・第一,調査完了,試験,医師,R2
AB-10005704,1,女性,70歳代,Missing,,2010・第一,調査完了,試験,医師,R2
AB-10005706,2,女性,60歳代,50kg台,150cm台,2010・第一,調査完了,試験,薬剤師,R2
AB-10006013,2,女性,50歳代,50kg台,150cm台,2010・第一,調査完了,試験,医師,R2
AB-10006146,1,女性,70歳代,50kg台,140cm台,2010・第一,調査完了,試験,医師,R2
AB-10006446,2,女性,60歳代,50kg台,,2010・第一,調査完了,試験,医師,R2
AB-10006847,3,女性,70歳代,50kg台,,2010・第一,調査完了,試験,医師,R2
AB-10006871,2,女性,60歳代,40kg台,140cm台,2010・第一,調査完了,試験,医師,R2
AB-10006874,2,女性,70歳代,30kg台,140cm台,2010・第一,調査完了,試験,医師,R2
AB-10006879,2,女性,70歳代,40kg台,150cm台,2010・第一,調査完了,試験,医師,R2
AB-10007045,1,女性,60歳代,50kg台,150cm台,2010・第一,調査完了,試験,医師,R2
AB-10007046,2,女性,60歳代,Missing,150cm台,2010・第一,調査完了,試験,医師,R2
AB-10007050,3,女性,80歳代,50kg台,150cm台,2010・第一,調査完了,試験,医師,R2
AB-10007204,2,女性,70歳代,60kg台,140cm台,2010・第一,調査完了,試験,医師,R2
AB-10007281,2,女性,60歳代,50kg台,150cm台,2010・第一,調査完了,試験,医師,R2
AB-10007330,2,女性,70歳代,40kg台,150cm台,2010・第一,調査完了,試験,医師,R2
AB-10007374,1,女性,70歳代,50kg台,150cm台,2010・第一,調査完了,試験,医師,R2
AB-10007483,3,女性,70歳代,50kg台,150cm台,2010・第一,調査完了,試験,医師,R2
AB-10007484,3,女性,60歳代,50kg台,160cm台,2010・第一,調査完了,試験,医師,R2
AB-10007958,1,女性,70歳代,40kg台,140cm台,2010・第一,調査完了,試験,医師,R2
AB-10008137,2,女性,70歳代,40kg台,140cm台,2010・第一,調査完了,試験,医師,R2
AB-10008145,1,女性,40歳代,90kg台,170cm台,2010・第一,調査完了,試験,医師,R2
AB-10008385,1,女性,60歳代,70kg台,150cm台,2010・第一,調査完了,試験,医師,R2
AB-10008465,1,女性,40歳代,40kg台,160cm台,2010・第一,調査完了,試験,医師,R2
AB-10008507,8,女性,60歳代,70kg台,150cm台,2010・第一,調査完了,自発報告,医師,R2
AB-10008877,2,女性,70歳代,40kg台,150cm台,2010・第二,調査完了,試験,薬剤師,R2
AB-10009367,3,女性,60歳代,50kg台,140cm台,2010・第二,調査完了,試験,医師,R2
AB-10009386,2,女性,30歳代,60kg台,160cm台,2010・第二,調査完了,試験,医師,R2
AB-10009391,2,女性,70歳代,Missing,,2010・第二,調査完了,試験,医師,R2
AB-10009503,2,女性,70歳代,50kg台,150cm台,2010・第二,調査完了,試験,医師,R2
AB-10009504,1,女性,60歳代,40kg台,150cm台,2010・第二,調査完了,試験,医師,R2
AB-10009986,1,女性,60歳代,Missing,,2010・第二,調査完了,試験,医師,R2
AB-10010160,1,女性,50歳代,40kg台,150cm台,2010・第二,調査完了,試験,医師,R2
AB-10010803,1,女性,60歳代,50kg台,150cm台,2010・第二,調査完了,試験,医師,R2
AB-10010903,2,女性,40歳代,50kg台,160cm台,2010・第二,調査完了,試験,医師,R2
AB-10011164,2,女性,50歳代,50kg台,150cm台,2010・第二,調査完了,試験,医師,R2
AB-10011185,2,女性,70歳代,40kg台,140cm台,2010・第二,調査完了,試験,医師,R2
AB-10011701,1,女性,50歳代,50kg台,150cm台,2010・第二,調査完了,試験,医師,R2
AB-10011702,2,女性,60歳代,50kg台,150cm台,2010・第二,調査完了,試験,医師,R2
AB-10011704,2,女性,60歳代,50kg台,150cm台,2010・第二,調査完了,試験,医師,R2
AB-10012023,3,女性,40歳代,40kg台,150cm台,2010・第二,調査完了,試験,医師,R2
AB-10012025,2,女性,60歳代,Missing,,2010・第二,調査完了,試験,医師,R2
AB-10012351,3,女性,70歳代,40kg台,150cm台,2010・第二,調査完了,試験,医師,R2
AB-10012857,1,女性,30歳代,50kg台,160cm台,2010・第二,調査完了,試験,医師,R2
AB-10012889,2,女性,70歳代,Missing,,2010・第二,調査完了,自発報告,医師,R2
AB-10013083,2,女性,80歳代,Missing,,2010・第二,調査完了,試験,医師,R2
AB-10013093,2,女性,70歳代,40kg台,150cm台,2010・第二,調査完了,試験,,R2
AB-10013269,2,女性,70歳代,50kg台,150cm台,2010・第二,調査完了,試験,医師,R2
AB-10013426,2,女性,60歳代,50kg台,150cm台,2010・第二,調査完了,試験,医師,R2
AB-10013654,4,女性,50歳代,40kg台,,2010・第二,調査完了,試験,医師,R2
AB-10014009,4,女性,50歳代,40kg台,150cm台,2010・第二,調査完了,自発報告,医師,R2
AB-10014221,2,女性,50歳代,40kg台,150cm台,2010・第二,調査完了,試験,医師,R2
AB-10014286,1,女性,40歳代,40kg台,150cm台,2010・第二,調査完了,試験,医師,R2
AB-10014496,3,女性,50歳代,30kg台,140cm台,2010・第二,調査完了,試験,医師,R2
AB-10014792,2,女性,40歳代,30kg台,150cm台,2010・第二,調査完了,試験,医師,R2
AB-10016537,3,女性,70歳代,40kg台,140cm台,2010・第二,調査完了,自発報告,薬剤師,R2
AB-10017842,3,女性,60歳代,40kg台,150cm台,2010・第二,調査完了,自発報告,医師,R2
AB-10018348,1,女性,60歳代,Missing,,2010・第三,調査完了,自発報告,医師,R2
AB-10018733,2,女性,60歳代,Missing,,2010・第三,調査完了,自発報告,医師,R2
AB-10019067,3,女性,60歳代,40kg台,150cm台,2010・第三,調査完了,自発報告,医師,R2
AB-10020201,1,女性,60歳代,40kg台,150cm台,2010・第三,調査完了,試験,医師,R2
AB-10020339,4,女性,70歳代,40kg台,150cm台,2010・第三,調査完了,試験,医師,R2
AB-10021720,3,女性,70歳代,50kg台,140cm台,2010・第三,調査完了,自発報告,医師,R2
AB-10022601,3,女性,70歳代,30kg台,140cm台,2010・第三,調査完了,自発報告,医師,R2
AB-10023142,3,女性,50歳代,70kg台,160cm台,2010・第三,調査完了,自発報告,医師,R2
AB-10025402,3,女性,70歳代,30kg台,140cm台,2010・第三,調査完了,自発報告,薬剤師,R2
AB-10025591,1,女性,60歳代,50kg台,150cm台,2010・第三,調査完了,試験,医師,R2
AB-10025749,2,女性,40歳代,40kg台,140cm台,2010・第三,調査完了,自発報告,医師,R2
AB-10025752,2,女性,70歳代,30kg台,140cm台,2010・第三,調査完了,自発報告,医師,R2
AB-10028285,2,女性,60歳代,Missing,,2010・第三,調査完了,自発報告,医師,R2
AB-10028336,4,女性,70歳代,Missing,,2010・第三,調査完了,自発報告,医師,R2
AB-10029290,2,女性,Missing,40kg台,150cm台,2010・第四,調査完了,自発報告,医師,R2
AB-10031276,4,女性,60歳代,Missing,,2010・第四,調査完了,自発報告,医師,R2
AB-10031891,2,女性,50歳代,Missing,,2010・第四,調査完了,自発報告,医師,R2
AB-10032672,3,女性,70歳代,40kg台,150cm台,2010・第四,調査完了,自発報告,医師,R2
AB-10032673,2,女性,60歳代,50kg台,160cm台,2010・第四,調査完了,自発報告,医師,R2
AB-10032799,1,女性,50歳代,50kg台,150cm台,2010・第四,調査完了,試験,医師,R2
AB-10033542,2,女性,70歳代,Missing,,2010・第四,調査完了,自発報告,薬剤師,R2
AB-10033975,4,女性,70歳代,40kg台,140cm台,2010・第四,調査完了,自発報告,医療関係者,R2
AB-10034738,6,女性,50歳代,40kg台,150cm台,2010・第四,調査完了,試験,医師,R2
AB-10035438,3,女性,60歳代,40kg台,150cm台,2010・第四,調査完了,自発報告,医師;薬剤師,R2
AB-10035452,3,女性,60歳代,40kg台,150cm台,2010・第四,調査完了,自発報告,薬剤師,R2
AB-10035709,3,女性,50歳代,Missing,,2010・第四,調査完了,自発報告,医師,R2
AB-10035821,2,女性,60歳代,Missing,,2010・第四,調査完了,自発報告,薬剤師,R2
AB-10036437,2,女性,70歳代,40kg台,150cm台,2010・第四,調査完了,自発報告,医師,R2
AB-10036620,1,女性,70歳代,Missing,,2010・第四,調査完了,自発報告,薬剤師,R2
AB-10036741,1,女性,60歳代,Missing,,2010・第四,調査完了,自発報告,医師,R2
AB-11000196,4,女性,80歳代,30kg台,130cm台,2011・第一,調査完了,自発報告,医師,R2
AB-11000722,2,女性,50歳代,40kg台,140cm台,2011・第一,調査完了,自発報告,医師,R2
AB-11001159,2,女性,60歳代,40kg台,150cm台,2011・第一,調査完了,試験,医師,R2
AB-11002094,1,女性,70歳代,40kg台,140cm台,2011・第一,調査完了,自発報告,医師,R2
AB-11002704,3,女性,70歳代,40kg台,140cm台,2011・第一,調査完了,自発報告,医師,R2
AB-11002714,3,女性,60歳代,30kg台,130cm台,2011・第一,調査完了,自発報告,医師,R2
AB-11003145,6,女性,60歳代,Missing,,2011・第一,調査完了,試験,医師,R2
AB-11003535,3,女性,60歳代,Missing,,2011・第一,調査完了,自発報告,医師,R2
AB-11003616,2,女性,60歳代,50kg台,150cm台,2011・第一,調査完了,自発報告,医師,R2
AB-11003621,2,女性,80歳代,50kg台,130cm台,2011・第一,調査完了,自発報告,医師,R2
AB-11003777,2,女性,60歳代,50kg台,150cm台,2011・第一,調査完了,自発報告,医師,R2
AB-11004757,2,女性,60歳代,40kg台,150cm台,2011・第一,調査完了,自発報告,医師,R2
AB-11009447,4,女性,60歳代,Missing,,2011・第二,調査完了,自発報告,医師,R2
AB-11010071,2,女性,60歳代,40kg台,140cm台,2011・第二,調査完了,自発報告,医師,R2
AB-11010497,4,女性,60歳代,40kg台,,2011・第二,調査完了,試験,医師,R2
AB-11010537,2,女性,50歳代,Missing,,2011・第二,調査完了,自発報告,医師,R2
AB-11011775,2,女性,60歳代,50kg台,140cm台,2011・第二,調査完了,試験,医師,R2
AB-11012101,3,女性,70歳代,Missing,,2011・第二,調査完了,自発報告,医師,R2
AB-11012145,3,女性,60歳代,40kg台,,2011・第二,調査完了,自発報告,医師,R2
AB-11012252,5,女性,60歳代,50kg台,,2011・第二,調査完了,試験,医師;医療関係者,R2
AB-11015430,1,女性,70歳代,40kg台,140cm台,2011・第二,調査完了,自発報告,医師,R2
AB-11016949,2,女性,60歳代,40kg台,140cm台,2011・第二,調査完了,自発報告,医師,R2
AB-11017482,3,女性,60歳代,40kg台,150cm台,2011・第二,調査完了,自発報告,医師,R2
AB-11017685,5,女性,60歳代,40kg台,150cm台,2011・第二,調査完了,自発報告,医師,R2
AB-11018027,3,女性,60歳代,60kg台,160cm台,2011・第二,調査完了,自発報告,医師,R2
AB-11018373,1,女性,60歳代,Missing,,2011・第二,調査完了,自発報告,薬剤師,R2
AB-11019834,2,女性,70歳代,40kg台,140cm台,2011・第三,調査完了,自発報告,医師,R2
AB-11023651,2,女性,70歳代,40kg台,150cm台,2011・第三,調査完了,自発報告,医師,R2
AB-11025171,2,女性,60歳代,Missing,,2011・第三,調査完了,自発報告,医師,R2
AB-11025328,2,女性,70歳代,40kg台,150cm台,2011・第三,調査完了,自発報告,医師,R2
AB-11028463,2,女性,60歳代,60kg台,150cm台,2011・第三,調査完了,自発報告,医師,R2
AB-11028720,4,女性,60歳代,70kg台,140cm台,2011・第三,調査完了,自発報告,医師,R3
AB-11029059,2,女性,50歳代,Missing,,2011・第三,調査完了,自発報告,医師,R2
AB-11029189,2,女性,70歳代,Missing,,2011・第三,調査完了,自発報告,医師,R2
AB-11032659,4,女性,70歳代,40kg台,150cm台,2011・第四,調査完了,自発報告,医師,R2
AB-11033101,2,女性,80歳代,Missing,,2011・第四,調査完了,自発報告,医師,R2
AB-11033187,2,女性,60歳代,50kg台,140cm台,2011・第四,調査完了,試験,医師,R2
AB-11033612,3,女性,60歳代,Missing,,2011・第四,調査完了,自発報告,医師,R2
AB-11035256,1,女性,60歳代,40kg台,150cm台,2011・第四,調査完了,試験,医師,R2
AB-11037942,1,女性,60歳代,30kg台,150cm台,2011・第四,調査完了,試験,医師,R2
AB-11038254,1,女性,60歳代,30kg台,150cm台,2011・第四,調査完了,試験,医師,R2
AB-11038256,1,女性,60歳代,30kg台,150cm台,2011・第四,調査完了,試験,医師,R2
AB-11038259,1,女性,60歳代,30kg台,150cm台,2011・第四,調査完了,試験,医師,R2
AB-11039480,2,女性,70歳代,Missing,,2011・第四,調査完了,自発報告,医療関係者,R2
AB-11040386,2,女性,30歳代,Missing,,2011・第四,調査完了,自発報告,医師,R2
AB-12000165,1,女性,70歳代,50kg台,140cm台,2012・第一,調査完了,自発報告,医師,R2
AB-12000987,2,女性,60歳代,Missing,,2012・第一,調査完了,自発報告,医師,R2
AB-12001225,1,女性,70歳代,40kg台,140cm台,2012・第一,調査完了,試験,医師,R2
AB-12001226,1,女性,70歳代,40kg台,140cm台,2012・第一,調査完了,試験,医師,R2
AB-12002630,1,女性,80歳代,40kg台,150cm台,2012・第一,調査完了,自発報告,医師,R2
AB-12002861,2,女性,70歳代,Missing,,2012・第一,調査完了,自発報告,薬剤師,R2
AB-12005196,3,女性,30歳代,40kg台,160cm台,2012・第一,調査完了,自発報告,医師,R2
AB-12005317,1,女性,Missing,Missing,,2012・第一,調査完了,自発報告,消費者等,R2
AB-12007978,3,女性,80歳代,50kg台,140cm台,2012・第一,調査完了,自発報告,医師,R2
AB-12008428,2,女性,70歳代,Missing,,2012・第一,調査完了,自発報告,医師,R2
AB-12008836,1,女性,50歳代,70kg台,150cm台,2012・第一,調査完了,試験,医師,R2
AB-12010064,1,女性,Missing,Missing,,2012・第一,調査完了,自発報告,消費者等,R2
AB-12010168,4,女性,60歳代,100kg台,150cm台,2012・第一,調査完了,自発報告,医師,R2
AB-12010311,3,女性,70歳代,50kg台,,2012・第一,調査完了,試験,医師,R2
AB-12010762,3,女性,60歳代,Missing,,2012・第一,調査完了,その他,医師;薬剤師,R2
AB-12011444,2,女性,60歳代,Missing,,2012・第一,調査完了,自発報告,医師,R2
AB-12011879,3,女性,80歳代,50kg台,150cm台,2012・第二,調査完了,自発報告,医師,R2
AB-12012717,2,女性,70歳代,Missing,,2012・第二,調査完了,自発報告,医師,R2
AB-12012762,1,女性,60歳代,60kg台,150cm台,2012・第二,調査完了,自発報告,医師,R2
AB-12012934,2,女性,60歳代,100kg台,150cm台,2012・第二,調査完了,自発報告,医師,R2
AB-12013367,3,女性,70歳代,60kg台,160cm台,2012・第二,調査完了,自発報告,医師,R2
AB-12013653,2,女性,50歳代,Missing,,2012・第二,調査完了,自発報告,医師,R2
AB-12014844,1,女性,60歳代,40kg台,150cm台,2012・第二,調査完了,自発報告,薬剤師,R2
AB-12014852,2,女性,40歳代,Missing,,2012・第二,調査完了,自発報告,医療関係者,R2
AB-12017096,2,女性,70歳代,Missing,,2012・第二,調査完了,自発報告,医師,R2
AB-12017383,2,女性,40歳代,Missing,,2012・第二,調査完了,自発報告,医師,R2
AB-12018600,2,女性,80歳代,30kg台,140cm台,2012・第二,調査完了,自発報告,医師,R2
AB-12020394,2,女性,70歳代,Missing,,2012・第二,調査完了,自発報告,薬剤師,R2
AB-12020436,2,女性,40歳代,Missing,,2012・第二,調査完了,自発報告,医師,R2
AB-12020586,2,女性,60歳代,Missing,,2012・第二,調査完了,試験,,R2
AB-12021755,3,女性,30歳代,Missing,,2012・第二,調査完了,自発報告,医師,R2
AB-12022209,2,女性,50歳代,Missing,,2012・第二,調査完了,自発報告,医師,R2
AB-12022555,2,女性,60歳代,Missing,,2012・第二,調査完了,自発報告,医師,R2
AB-12023514,2,女性,80歳代,Missing,,2012・第二,調査完了,自発報告,医師,R2
AB-12023680,5,女性,60歳代,50kg台,150cm台,2012・第三,調査完了,自発報告,医師,R2
AB-12024931,2,女性,70歳代,Missing,,2012・第三,調査完了,自発報告,医師,R2
AB-12025030,2,女性,60歳代,Missing,,2012・第三,調査完了,自発報告,医師,R2
AB-12025488,2,女性,40歳代,Missing,,2012・第三,調査完了,自発報告,医師,R2
AB-12029327,6,女性,50歳代,60kg台,150cm台,2012・第三,調査完了,試験,医師,R3
AB-12031258,2,女性,70歳代,30kg台,150cm台,2012・第三,調査完了,自発報告,医師,R2
AB-12031285,2,女性,70歳代,40kg台,150cm台,2012・第三,調査完了,自発報告,医師,R2
AB-12031624,2,女性,70歳代,Missing,,2012・第三,調査完了,自発報告,医師,R2
AB-12031738,4,女性,60歳代,40kg台,160cm台,2012・第三,調査完了,自発報告,医師,R2
AB-12036131,2,女性,70歳代,Missing,,2012・第三,調査完了,自発報告,医師,R2
AB-12036897,2,女性,Missing,Missing,,2012・第四,調査完了,自発報告,医師,R2
AB-12037146,2,女性,50歳代,Missing,,2012・第四,調査完了,自発報告,医師,R2
AB-12037380,3,女性,60歳代,Missing,,2012・第四,調査完了,自発報告,医師,R2
AB-12038327,2,女性,30歳代,Missing,,2012・第四,調査完了,自発報告,医師,R2
AB-12039908,2,女性,70歳代,40kg台,140cm台,2012・第四,調査完了,自発報告,医師,R2
AB-12040385,1,女性,20歳代,30kg台,150cm台,2012・第四,調査完了,自発報告,医師,R2
AB-12043589,6,女性,60歳代,30kg台,140cm台,2012・第四,調査完了,自発報告,薬剤師,R2
AB-12045945,2,女性,50歳代,Missing,,2012・第四,調査完了,自発報告,医師,R2
AB-13000820,2,女性,Missing,Missing,,2013・第一,調査完了,自発報告,医師,R2
AB-13002752,4,女性,80歳代,Missing,,2013・第一,調査完了,自発報告,医師,R2
AB-13004302,2,女性,30歳代,Missing,,2013・第一,調査完了,自発報告,医師,R2
AB-13005827,2,女性,50歳代,Missing,,2013・第一,調査完了,自発報告,医師,R2
AB-13006588,3,女性,70歳代,50kg台,150cm台,2013・第一,調査完了,自発報告,医師,R2
AB-13006639,3,女性,70歳代,40kg台,150cm台,2013・第一,調査完了,自発報告,医師,R2
AB-13007187,2,女性,70歳代,40kg台,140cm台,2013・第一,調査完了,自発報告,医師,R2
AB-13007796,3,女性,70歳代,50kg台,150cm台,2013・第一,調査完了,自発報告,医師,R2
AB-13008832,1,女性,60歳代,50kg台,150cm台,2013・第一,調査完了,試験,医師,R2
AB-13010987,3,女性,60歳代,40kg台,150cm台,2013・第二,調査完了,試験,医師,R2
AB-13011887,6,女性,70歳代,30kg台,140cm台,2013・第二,調査完了,試験,医師,R2
AB-13012612,2,女性,70歳代,Missing,,2013・第二,調査完了,自発報告,薬剤師,R2
AB-13012807,3,女性,70歳代,Missing,,2013・第二,調査完了,自発報告,薬剤師,R2
AB-13013789,1,女性,70歳代,40kg台,,2013・第二,調査完了,自発報告,医師,R2
AB-13014832,2,女性,30歳代,Missing,,2013・第二,調査完了,自発報告,薬剤師,R2
AB-13016012,9,女性,70歳代,40kg台,,2013・第二,調査完了,試験,医師;薬剤師,R2
AB-13018326,3,女性,70歳代,Missing,,2013・第二,調査完了,自発報告,医師,R2
AB-13018740,2,女性,40歳代,Missing,,2013・第二,調査完了,自発報告,医師,R2
AB-13022703,3,女性,70歳代,Missing,,2013・第三,調査完了,自発報告,医師,R2
AB-13023951,2,女性,50歳代,50kg台,150cm台,2013・第三,調査完了,自発報告,医師,R2
AB-13024147,2,女性,70歳代,Missing,,2013・第三,調査完了,自発報告,医師,R2
AB-13024462,5,女性,70歳代,Missing,,2013・第三,調査完了,自発報告,医療関係者,R2
AB-13025897,2,女性,50歳代,Missing,,2013・第三,調査完了,自発報告,医療関係者,R2
AB-13027524,7,女性,50歳代,30kg台,150cm台,2013・第三,調査完了,自発報告,医師,R2
AB-13029777,2,女性,50歳代,50kg台,160cm台,2013・第三,調査完了,試験,医師,R2
AB-13031692,2,女性,50歳代,Missing,,2013・第三,調査完了,試験,医師,R2
AB-13031693,3,女性,70歳代,50kg台,150cm台,2013・第三,調査完了,自発報告,医師,R2
AB-13031697,5,女性,70歳代,70kg台,140cm台,2013・第三,調査完了,試験,医師,R2
AB-13031698,4,女性,60歳代,40kg台,,2013・第三,調査完了,試験,医師,R2
AB-13034622,2,女性,40歳代,60kg台,160cm台,2013・第四,調査完了,自発報告,医師,R2
AB-13035267,2,女性,10歳代,30kg台,140cm台,2013・第四,調査完了,自発報告,医師,R2
AB-13035302,4,女性,50歳代,50kg台,150cm台,2013・第四,調査完了,試験,医師,R2
AB-13036131,2,女性,60歳代,50kg台,150cm台,2013・第四,調査完了,自発報告,医師,R2
AB-13036136,1,女性,30歳代,Missing,,2013・第四,調査完了,自発報告,薬剤師,R2
AB-13037539,2,女性,50歳代,Missing,,2013・第四,調査完了,自発報告,医師,R2
AB-13039123,2,女性,60歳代,Missing,,2013・第四,調査完了,自発報告,医師,R2
AB-13039883,2,女性,70歳代,Missing,,2013・第四,調査完了,自発報告,医師,R2
AB-13040540,2,女性,60歳代,Missing,,2013・第四,調査完了,自発報告,医師,R2
AB-13041118,2,女性,50歳代,Missing,,2013・第四,調査完了,自発報告,医師,R2
AB-13041801,3,女性,60歳代,60kg台,150cm台,2013・第四,調査完了,自発報告,医師,R2
AB-13042886,2,女性,60歳代,Missing,,2013・第四,調査完了,自発報告,医師,R2
AB-14000447,4,女性,70歳代,50kg台,150cm台,2014・第一,調査完了,自発報告,医師,R2
AB-14000582,3,女性,50歳代,50kg台,160cm台,2014・第一,調査完了,自発報告,医師,R2
AB-14000988,2,女性,80歳代,Missing,,2014・第一,調査完了,自発報告,医師,R2
AB-14001907,2,女性,60歳代,Missing,,2014・第一,調査完了,自発報告,医師,R2
AB-14002031,2,女性,20歳代,Missing,,2014・第一,調査完了,自発報告,医師,R2
AB-14004320,3,女性,70歳代,Missing,,2014・第一,調査完了,自発報告,医師,R2
AB-14004864,2,女性,50歳代,Missing,,2014・第一,調査完了,自発報告,医師,R2
AB-14005442,2,女性,70歳代,50kg台,140cm台,2014・第一,調査完了,自発報告,医師,R2
AB-14007318,3,女性,70歳代,40kg台,140cm台,2014・第一,調査完了,自発報告,医師,R2
AB-14011445,1,女性,60歳代,Missing,,2014・第一,調査完了,自発報告,医療関係者,R2
AB-14011843,3,女性,80歳代,Missing,,2014・第一,調査完了,自発報告,医師,R2
AB-14013633,1,女性,10歳代,Missing,,2014・第二,調査完了,自発報告,医師,R2
AB-14014847,2,女性,40歳代,Missing,,2014・第二,調査完了,自発報告,医師,R2
AB-14016122,4,女性,70歳代,50kg台,150cm台,2014・第二,調査完了,自発報告,医師,R2
AB-14017044,2,女性,60歳代,Missing,,2014・第二,調査完了,自発報告,医師,R2
AB-14017163,2,女性,80歳代,Missing,,2014・第二,調査完了,自発報告,医師,R2
AB-14017743,3,女性,60歳代,50kg台,150cm台,2014・第二,調査完了,自発報告,医師,R2
AB-14018444,1,女性,50歳代,Missing,,2014・第二,調査完了,自発報告,医師,R2
AB-14019005,1,女性,50歳代,Missing,,2014・第二,調査完了,自発報告,医師,R2
AB-14019253,2,女性,60歳代,Missing,,2014・第二,調査完了,自発報告,医師,R2
AB-14019317,2,女性,70歳代,50kg台,150cm台,2014・第二,調査完了,自発報告,医師,R2
AB-14020009,2,女性,40歳代,Missing,,2014・第二,調査完了,自発報告,医師,R2
AB-14020298,2,女性,60歳代,Missing,,2014・第二,調査完了,自発報告,医師,R2
AB-14020728,2,女性,高齢者,Missing,,2014・第二,調査完了,自発報告,医師,R2
AB-14020771,2,女性,70歳代,Missing,,2014・第二,調査完了,自発報告,医師,R2
AB-14021322,2,女性,60歳代,Missing,,2014・第二,調査完了,自発報告,医師,R2
AB-14021475,2,女性,60歳代,Missing,,2014・第二,調査完了,自発報告,医師,R2
AB-14021938,2,女性,Missing,Missing,,2014・第二,調査完了,自発報告,医師,R2
AB-14022669,2,女性,70歳代,Missing,,2014・第二,調査完了,自発報告,医師,R2
AB-14022948,2,女性,70歳代,Missing,,2014・第二,調査完了,自発報告,医師,R2
AB-14024365,2,女性,70歳代,Missing,,2014・第二,調査完了,自発報告,医師,R2
AB-14025205,2,女性,70歳代,Missing,,2014・第二,調査完了,自発報告,医師;薬剤師,R2
AB-14025564,2,女性,70歳代,Missing,,2014・第二,調査完了,自発報告,医師,R2
AB-14025628,2,女性,70歳代,Missing,,2014・第二,調査完了,自発報告,医師,R2
AB-14026610,3,女性,60歳代,Missing,,2014・第二,調査完了,自発報告,医師,R2
AB-14027077,2,女性,40歳代,Missing,,2014・第二,調査完了,自発報告,薬剤師,R2
AB-14028913,2,女性,60歳代,Missing,,2014・第三,調査完了,自発報告,医師,R2
AB-14030229,3,女性,40歳代,50kg台,160cm台,2014・第三,調査完了,試験,医師,R2
AB-14032584,7,女性,20歳代,50kg台,150cm台,2014・第三,調査完了,自発報告,医師,R2
AB-14032587,2,女性,60歳代,30kg台,150cm台,2014・第三,調査完了,自発報告,医師,R2
AB-14033455,2,女性,60歳代,Missing,,2014・第三,調査完了,自発報告,医師,R2
AB-14033818,1,女性,60歳代,60kg台,160cm台,2014・第三,調査完了,自発報告,医師,R2
AB-14034476,3,女性,60歳代,70kg台,150cm台,2014・第三,調査完了,自発報告,医師,R2
AB-14036694,2,女性,50歳代,Missing,150cm台,2014・第三,調査完了,試験,医師,R2
AB-14037859,2,女性,70歳代,40kg台,,2014・第三,調査完了,試験,医師,R2
AB-14041365,1,女性,60歳代,70kg台,,2014・第三,調査完了,自発報告,医師,R2
AB-14043185,2,女性,70歳代,40kg台,140cm台,2014・第三,調査完了,自発報告,医師,R2
AB-14044556,1,女性,70歳代,Missing,,2014・第四,調査完了,自発報告,医師,R2
AB-14044592,2,女性,70歳代,Missing,,2014・第四,調査完了,自発報告,医師,R2
AB-14048086,4,女性,60歳代,50kg台,150cm台,2014・第四,調査完了,自発報告,医師,R2
AB-14048089,2,女性,Missing,Missing,,2014・第四,調査完了,自発報告,医師,R2
AB-14048891,3,女性,60歳代,60kg台,160cm台,2014・第四,調査完了,自発報告,医師,R2
AB-14049247,2,女性,50歳代,40kg台,150cm台,2014・第四,調査完了,自発報告,医師,R2
AB-14049761,1,女性,50歳代,Missing,,2014・第四,調査完了,自発報告,医師,R2
AB-14050023,4,女性,70歳代,70kg台,150cm台,2014・第四,調査完了,自発報告,医師,R2
AB-14050578,2,女性,50歳代,Missing,,2014・第四,調査完了,自発報告,医師,R2
AB-14051594,1,女性,60歳代,70kg台,,2014・第四,調査完了,自発報告,医師,R2
AB-14051909,2,女性,50歳代,Missing,,2014・第四,調査完了,自発報告,医師,R2
AB-14051972,2,女性,60歳代,Missing,,2014・第四,調査完了,自発報告,医師,R2
AB-14054414,4,女性,30歳代,40kg台,150cm台,2014・第四,調査完了,試験,医師,R2
AB-14054430,1,女性,60歳代,Missing,,2014・第四,調査完了,自発報告,医師,R2
AB-14054490,3,女性,50歳代,40kg台,150cm台,2014・第四,調査完了,試験,医師,R2
AB-14055101,1,女性,70歳代,Missing,,2014・第四,調査完了,自発報告,医師,R2
AB-14055578,1,女性,60歳代,Missing,,2014・第四,調査完了,自発報告,医師,R2
AB-14055608,1,女性,40歳代,Missing,,2014・第四,調査完了,自発報告,医師,R2
AB-14055610,1,女性,80歳代,Missing,,2014・第四,調査完了,自発報告,医師,R2
AB-14055908,1,女性,70歳代,Missing,,2014・第四,調査完了,自発報告,医師,R2
AB-14055968,1,女性,60歳代,Missing,,2014・第四,調査完了,自発報告,医師,R2
AB-14056081,1,女性,50歳代,Missing,,2014・第四,調査完了,自発報告,医師,R2
AB-14056124,1,女性,80歳代,Missing,,2014・第四,調査完了,自発報告,医師,R2
AB-14056139,1,女性,70歳代,Missing,,2014・第四,調査完了,自発報告,医師,R2
AB-14056144,1,女性,60歳代,Missing,,2014・第四,調査完了,自発報告,医師,R2
AB-14056147,1,女性,70歳代,Missing,,2014・第四,調査完了,自発報告,医師,R2
AB-14056152,1,女性,70歳代,Missing,,2014・第四,調査完了,自発報告,医師,R2
AB-14056153,1,女性,70歳代,Missing,,2014・第四,調査完了,自発報告,医師,R2
AB-14056154,1,女性,60歳代,Missing,,2014・第四,調査完了,自発報告,医師,R2
AB-14056181,1,女性,60歳代,Missing,,2014・第四,調査完了,自発報告,医師,R2
AB-14056285,1,女性,70歳代,Missing,,2014・第四,調査完了,自発報告,医師,R2
AB-14056286,1,女性,80歳代,Missing,,2014・第四,調査完了,自発報告,,R2
AB-14056289,1,女性,70歳代,Missing,,2014・第四,調査完了,自発報告,医師,R2
AB-14056290,1,女性,60歳代,Missing,,2014・第四,調査完了,自発報告,医師,R2
AB-14056293,1,女性,60歳代,Missing,,2014・第四,調査完了,自発報告,医師,R2
AB-14056296,1,女性,70歳代,Missing,,2014・第四,調査完了,自発報告,医師,R2
AB-14056399,1,女性,50歳代,Missing,,2014・第四,調査完了,自発報告,医師,R2
AB-14056400,1,女性,70歳代,Missing,,2014・第四,調査完了,自発報告,医師,R2
AB-14056401,1,女性,80歳代,Missing,,2014・第四,調査完了,自発報告,医師,R2
AB-14056403,1,女性,60歳代,Missing,,2014・第四,調査完了,自発報告,医師,R2
AB-14056405,1,女性,70歳代,Missing,,2014・第四,調査完了,自発報告,,R2
AB-14056418,1,女性,60歳代,Missing,,2014・第四,調査完了,自発報告,医師,R2
AB-14056456,1,女性,80歳代,Missing,,2014・第四,調査完了,自発報告,医師,R2
AB-14056457,1,女性,80歳代,Missing,,2014・第四,調査完了,自発報告,医師,R2
AB-14056465,1,女性,Missing,Missing,,2014・第四,調査完了,自発報告,医師,R2
AB-14056466,1,女性,50歳代,Missing,,2014・第四,調査完了,自発報告,医師,R2
AB-14056469,1,女性,60歳代,Missing,,2014・第四,調査完了,自発報告,医師,R2
AB-14056534,1,女性,50歳代,Missing,,2014・第四,調査完了,自発報告,医師,R2
AB-14056590,1,女性,70歳代,Missing,,2014・第四,調査完了,自発報告,,R2
AB-14056594,1,女性,70歳代,Missing,,2014・第四,調査完了,自発報告,医師,R2
AB-14056598,1,女性,80歳代,Missing,,2014・第四,調査完了,自発報告,医師,R2
AB-14056609,1,女性,50歳代,Missing,,2014・第四,調査完了,自発報告,医師,R2
AB-14056613,1,女性,60歳代,Missing,,2014・第四,調査完了,自発報告,薬剤師,R2
AB-14056685,1,女性,70歳代,40kg台,150cm台,2014・第四,調査完了,試験,薬剤師,R2
AB-15000042,1,女性,60歳代,Missing,,2015・第一,調査完了,自発報告,医師,R2
AB-15000184,1,女性,60歳代,Missing,,2015・第一,調査完了,自発報告,医師,R2
AB-15000187,1,女性,80歳代,Missing,,2015・第一,調査完了,自発報告,医師,R2
AB-15000241,1,女性,40歳代,80kg台,160cm台,2015・第一,調査完了,自発報告,医師,R2
AB-15000485,1,女性,70歳代,Missing,,2015・第一,調査完了,自発報告,医師,R2
AB-15000735,1,女性,70歳代,Missing,,2015・第一,調査完了,自発報告,医師,R2
AB-15000936,1,女性,70歳代,Missing,,2015・第一,調査完了,自発報告,医師,R2
AB-15005360,1,女性,70歳代,Missing,,2015・第一,調査完了,自発報告,医師,R2
AB-15005941,1,女性,80歳代,Missing,,2015・第一,調査完了,自発報告,医師,R2
AB-15005953,1,女性,70歳代,Missing,,2015・第一,調査完了,自発報告,医師,R2
AB-15007010,1,女性,70歳代,Missing,,2015・第一,調査完了,試験,医師,R2
AB-15007385,1,女性,Missing,Missing,,2015・第一,調査完了,自発報告,消費者等,R2
AB-15008863,4,女性,70歳代,30kg台,140cm台,2015・第一,調査完了,自発報告,医師,R2
AB-15008900,1,女性,Missing,Missing,,2015・第一,調査完了,自発報告,消費者等,R2
AB-15009633,1,女性,Missing,Missing,,2015・第一,調査完了,自発報告,消費者等,R2
AB-15010343,3,女性,80歳代,40kg台,150cm台,2015・第一,調査完了,自発報告,医師,R2
AB-15011053,1,女性,60歳代,Missing,,2015・第一,調査完了,自発報告,医師,R2
AB-15011221,2,女性,60歳代,40kg台,140cm台,2015・第一,調査完了,自発報告,医師,R2
AB-15011241,4,女性,20歳代,40kg台,150cm台,2015・第一,調査完了,自発報告,薬剤師,R2
AB-15014896,1,女性,70歳代,50kg台,150cm台,2015・第二,調査完了,自発報告,医師,R2
AB-15014947,1,女性,60歳代,Missing,,2015・第二,調査完了,自発報告,医師,R2
AB-15015467,4,女性,70歳代,Missing,,2015・第二,調査完了,自発報告,医師,R2
AB-15015848,1,女性,60歳代,Missing,,2015・第二,調査完了,自発報告,医師,R2
AB-15016705,5,女性,70歳代,40kg台,140cm台,2015・第二,調査完了,自発報告,医師,R2
AB-15017230,1,女性,60歳代,Missing,,2015・第二,調査完了,自発報告,医師,R2
AB-15017313,1,女性,20歳代,Missing,,2015・第二,調査完了,自発報告,医師,R2
AB-15018202,3,女性,60歳代,Missing,,2015・第二,調査完了,自発報告,医師,R2
AB-15020553,1,女性,80歳代,Missing,,2015・第二,調査完了,自発報告,医師,R2
AB-15020619,1,女性,60歳代,Missing,,2015・第二,調査完了,自発報告,医師,R2
AB-15020985,1,女性,60歳代,Missing,,2015・第二,調査完了,自発報告,医師,R2
AB-15021053,2,女性,60歳代,40kg台,150cm台,2015・第二,調査完了,自発報告,医師,R2
AB-15021614,6,女性,70歳代,40kg台,140cm台,2015・第二,調査完了,自発報告,医師,R2
AB-15022731,2,女性,70歳代,40kg台,140cm台,2015・第二,調査完了,自発報告,医師,R2
AB-15023934,3,女性,50歳代,40kg台,150cm台,2015・第二,調査完了,試験,医師,R2
AB-15025287,1,女性,80歳代,30kg台,140cm台,2015・第二,調査完了,自発報告,医師,R2
AB-15025428,1,女性,80歳代,Missing,,2015・第二,調査完了,自発報告,医師,R2
AB-15027401,1,女性,Missing,Missing,,2015・第二,調査完了,自発報告,医師,R2
AB-15027956,1,女性,70歳代,Missing,,2015・第二,調査完了,自発報告,薬剤師,R2
AB-15028057,4,女性,60歳代,40kg台,140cm台,2015・第二,調査完了,自発報告,医師,R2
AB-15028136,2,女性,70歳代,40kg台,130cm台,2015・第二,調査完了,自発報告,薬剤師,R2
AB-15028425,3,女性,70歳代,50kg台,150cm台,2015・第二,調査完了,自発報告,医師,R2
AB-15028798,3,女性,70歳代,Missing,,2015・第三,調査完了,自発報告,医師,R2
AB-15029029,1,女性,50歳代,Missing,,2015・第三,調査完了,自発報告,医師,R2
AB-15030120,1,女性,40歳代,Missing,,2015・第三,調査完了,自発報告,医師,R2
AB-15032017,1,女性,70歳代,Missing,,2015・第三,調査完了,自発報告,医師,R2
AB-15033088,1,女性,80歳代,Missing,,2015・第三,調査完了,自発報告,医師,R2
AB-15033663,5,女性,70歳代,Missing,,2015・第三,調査完了,自発報告,医師,R2
AB-15034119,2,女性,60歳代,50kg台,140cm台,2015・第三,調査完了,自発報告,薬剤師,R2
AB-15036520,2,女性,60歳代,Missing,,2015・第三,調査完了,自発報告,医師,R2
AB-15037303,3,女性,70歳代,40kg台,140cm台,2015・第三,調査完了,自発報告,医師,R2
AB-15037745,1,女性,50歳代,Missing,,2015・第三,調査完了,自発報告,医師,R2
AB-15038804,1,女性,50歳代,40kg台,150cm台,2015・第三,調査完了,自発報告,薬剤師,R2
AB-15039255,1,女性,80歳代,Missing,,2015・第三,調査完了,自発報告,薬剤師,R2
AB-15039459,1,女性,40歳代,50kg台,160cm台,2015・第三,調査完了,自発報告,医師,R2
AB-15042555,2,女性,60歳代,Missing,,2015・第三,調査完了,自発報告,医師,R2
AB-15042627,3,女性,Missing,Missing,,2015・第三,調査完了,自発報告,医師,R2
AB-15044318,1,女性,70歳代,Missing,,2015・第三,調査完了,自発報告,医師,R2
AB-15044466,2,女性,50歳代,Missing,,2015・第四,調査完了,自発報告,医師,R2
AB-15044706,3,女性,50歳代,50kg台,150cm台,2015・第四,調査完了,自発報告,薬剤師,R3
AB-15045029,3,女性,50歳代,50kg台,150cm台,2015・第四,調査完了,自発報告,薬剤師,R2
AB-15048189,4,女性,60歳代,50kg台,130cm台,2015・第四,調査完了,自発報告,医師,R2
AB-15048396,1,女性,70歳代,Missing,,2015・第四,調査完了,自発報告,医師,R2
AB-15049090,2,女性,70歳代,40kg台,140cm台,2015・第四,調査完了,自発報告,医師,R2
AB-15049358,9,女性,70歳代,50kg台,140cm台,2015・第四,調査完了,自発報告,医師;医療関係者,R2
AB-15049725,3,女性,60歳代,Missing,,2015・第四,調査完了,自発報告,医師,R2
AB-15050186,2,女性,70歳代,40kg台,140cm台,2015・第四,調査完了,自発報告,医師,R2
AB-15050675,2,女性,80歳代,50kg台,140cm台,2015・第四,調査完了,自発報告,医師,R2
AB-15051174,2,女性,60歳代,40kg台,160cm台,2015・第四,調査完了,自発報告,薬剤師,R2
AB-15052027,1,女性,Missing,Missing,,2015・第四,調査完了,自発報告,医師,R2
AB-15052561,1,女性,40歳代,Missing,,2015・第四,調査完了,自発報告,医師,R2
AB-15052727,2,女性,Missing,Missing,,2015・第四,調査完了,自発報告,医師,R2
AB-15054555,1,女性,70歳代,Missing,,2015・第四,調査完了,自発報告,薬剤師,R2
AB-15054694,3,女性,10歳代,50kg台,160cm台,2015・第四,調査完了,自発報告,医師,R2
AB-15054945,2,女性,60歳代,Missing,,2015・第四,調査完了,自発報告,医師;薬剤師,R2
AB-15055567,1,女性,60歳代,Missing,,2015・第四,調査完了,自発報告,薬剤師,R2
AB-15055614,2,女性,70歳代,50kg台,150cm台,2015・第四,調査完了,自発報告,薬剤師,R2
AB-15057139,1,女性,60歳代,40kg台,140cm台,2015・第四,調査完了,自発報告,医師,R2
AB-15058452,3,女性,40歳代,60kg台,150cm台,2015・第四,調査完了,自発報告,医師,R2
AB-16000686,1,女性,60歳代,50kg台,150cm台,2016・第一,調査完了,自発報告,医師,R2
AB-16003356,1,女性,80歳代,50kg台,140cm台,2016・第一,調査完了,自発報告,医師,R2
AB-16005111,1,女性,70歳代,Missing,,2016・第一,調査完了,自発報告,医療関係者,R2
AB-16005750,2,女性,60歳代,Missing,,2016・第一,調査完了,自発報告,医師,R2
AB-16006249,1,女性,70歳代,Missing,,2016・第一,調査完了,自発報告,医師,R2
AB-16006666,6,女性,50歳代,Missing,,2016・第一,調査完了,自発報告,医師,R2
AB-16007505,1,女性,70歳代,Missing,,2016・第一,調査完了,自発報告,医師,R2
AB-16007765,1,女性,60歳代,50kg台,,2016・第一,調査完了,自発報告,医師,R2
AB-16008850,1,女性,50歳代,Missing,,2016・第一,調査完了,自発報告,医師,R2
AB-16008903,1,女性,50歳代,50kg台,,2016・第一,調査完了,自発報告,薬剤師,R2
AB-16009410,3,女性,60歳代,Missing,,2016・第一,調査完了,自発報告,医師,R2
AB-16010571,3,女性,30歳代,40kg台,160cm台,2016・第一,調査完了,自発報告,医師,R2
AB-16011262,1,女性,70歳代,50kg台,150cm台,2016・第一,調査完了,自発報告,医師,R2
AB-16011568,1,女性,60歳代,Missing,,2016・第一,調査完了,自発報告,薬剤師,R2
AB-16011737,1,女性,60歳代,60kg台,150cm台,2016・第一,調査完了,自発報告,医師,R2
AB-16011924,1,女性,60歳代,40kg台,160cm台,2016・第一,調査完了,自発報告,医師,R2
AB-16011973,2,女性,70歳代,Missing,,2016・第一,調査完了,自発報告,薬剤師,R2
AB-16012612,1,女性,70歳代,Missing,,2016・第一,調査完了,自発報告,医師,R2
AB-16012989,2,女性,Missing,Missing,,2016・第一,調査完了,自発報告,医師,R2
AB-16013601,1,女性,Missing,Missing,,2016・第一,調査完了,自発報告,医師,R2
AB-16013728,1,女性,40歳代,60kg台,,2016・第一,調査完了,自発報告,医師,R2
AB-16013992,1,女性,70歳代,Missing,,2016・第一,調査完了,自発報告,医師,R2
AB-16014155,1,女性,70歳代,Missing,,2016・第一,調査完了,自発報告,医師,R2
AB-16014306,3,女性,70歳代,50kg台,140cm台,2016・第一,調査完了,自発報告,医師,R2
AB-16014837,5,女性,20歳代,Missing,,2016・第一,調査完了,自発報告,医師;薬剤師,R2
AB-16016307,2,女性,70歳代,40kg台,140cm台,2016・第二,調査完了,自発報告,医師,R2
AB-16016373,1,女性,Missing,Missing,,2016・第二,調査完了,自発報告,医師,R2
AB-16017427,1,女性,30歳代,40kg台,,2016・第二,調査完了,自発報告,医師,R2
AB-16019652,1,女性,70歳代,Missing,,2016・第二,調査完了,自発報告,医師,R2
AB-16022019,1,女性,70歳代,Missing,,2016・第二,調査完了,自発報告,医師,R2
AB-16022538,1,女性,80歳代,Missing,,2016・第二,調査完了,自発報告,医師,R2
AB-16024359,1,女性,40歳代,Missing,,2016・第二,調査完了,自発報告,医師,R2
AB-16026325,1,女性,70歳代,Missing,,2016・第二,調査完了,自発報告,医療関係者,R2
AB-16027444,3,女性,50歳代,Missing,,2016・第二,調査完了,自発報告,医師;医療関係者,R2
AB-16027520,1,女性,10歳代,50kg台,,2016・第二,調査完了,自発報告,医師,R2
AB-16027633,2,女性,50歳代,Missing,,2016・第二,調査完了,自発報告,医師,R2
AB-16027993,4,女性,60歳代,50kg台,150cm台,2016・第二,調査完了,試験,医師,R2
AB-16029094,4,女性,50歳代,Missing,,2016・第二,調査完了,自発報告,医師;薬剤師,R2
AB-16032624,8,女性,60歳代,Missing,,2016・第三,調査完了,自発報告,医師,R2
AB-16033238,1,女性,70歳代,Missing,,2016・第三,調査完了,自発報告,医師,R2
AB-16033727,1,女性,50歳代,Missing,,2016・第三,調査完了,自発報告,医師,R2
AB-16034516,1,女性,40歳代,Missing,,2016・第三,調査完了,自発報告,医師,R2
AB-16034520,2,女性,70歳代,40kg台,140cm台,2016・第三,調査完了,自発報告,医師,R2
AB-16035059,1,女性,Missing,Missing,,2016・第三,調査完了,自発報告,医師,R2
AB-16035896,1,女性,70歳代,Missing,,2016・第三,調査完了,自発報告,医師,R2
AB-16036764,2,女性,60歳代,Missing,,2016・第三,調査完了,自発報告,医師,R2
AB-16037106,2,女性,30歳代,Missing,,2016・第三,調査完了,自発報告,医師,R2
AB-16037975,1,女性,50歳代,Missing,,2016・第三,調査完了,自発報告,医師,R2
AB-16038792,1,女性,40歳代,Missing,,2016・第三,調査完了,自発報告,医師,R2
AB-16039870,2,女性,70歳代,40kg台,150cm台,2016・第三,調査完了,自発報告,医師,R2
AB-16039878,1,女性,50歳代,Missing,,2016・第三,調査完了,自発報告,薬剤師,R2
AB-16039945,3,女性,70歳代,Missing,,2016・第三,調査完了,自発報告,医師,R2
AB-16040586,1,女性,40歳代,Missing,,2016・第三,調査完了,自発報告,医師,R2
AB-16041078,4,女性,50歳代,40kg台,,2016・第三,調査完了,試験,医師,R2
AB-16041081,1,女性,50歳代,Missing,,2016・第三,調査完了,自発報告,医師,R2
AB-16042550,1,女性,60歳代,50kg台,150cm台,2016・第三,調査完了,自発報告,薬剤師,R2
AB-16043116,3,女性,60歳代,40kg台,150cm台,2016・第三,調査完了,自発報告,医師,R2
AB-16044713,3,女性,60歳代,50kg台,150cm台,2016・第三,調査完了,自発報告,医師,R2
AB-16045715,3,女性,50歳代,Missing,,2016・第三,調査完了,試験,医師,R2
AB-16046465,2,女性,60歳代,Missing,,2016・第三,調査完了,自発報告,医師,R2
AB-16047842,1,女性,60歳代,Missing,,2016・第三,調査完了,自発報告,医師,R2
AB-16049509,1,女性,40歳代,Missing,,2016・第四,調査完了,自発報告,医師,R2
AB-16050044,1,女性,50歳代,50kg台,150cm台,2016・第四,調査完了,自発報告,薬剤師,R2
AB-16050236,1,女性,Missing,Missing,,2016・第四,調査完了,自発報告,医師,R2
AB-16050361,3,女性,60歳代,Missing,,2016・第四,調査完了,自発報告,医師,R2
AB-16050374,5,女性,50歳代,Missing,,2016・第四,調査完了,自発報告,医師,R2
AB-16050619,2,女性,60歳代,Missing,,2016・第四,調査完了,試験,医師;消費者等,R2
AB-16053860,3,女性,70歳代,40kg台,140cm台,2016・第四,調査完了,自発報告,医師,R2
AB-16053902,2,女性,70歳代,50kg台,140cm台,2016・第四,調査完了,自発報告,医師,R2
AB-16054654,2,女性,70歳代,60kg台,150cm台,2016・第四,調査完了,自発報告,医師,R2
AB-16055335,2,女性,60歳代,Missing,,2016・第四,調査完了,自発報告,医療関係者,R2
AB-16056156,1,女性,50歳代,Missing,,2016・第四,調査完了,自発報告,医師,R2
AB-16056435,1,女性,50歳代,50kg台,,2016・第四,調査完了,自発報告,薬剤師,R2
AB-16056622,1,女性,高齢者,Missing,,2016・第四,調査完了,自発報告,医師,R2
AB-16056866,1,女性,60歳代,Missing,,2016・第四,調査完了,試験,医師,R2
AB-16057417,10,女性,60歳代,50kg台,,2016・第四,調査完了,試験,医師,R3
AB-16057748,1,女性,60歳代,Missing,,2016・第四,調査完了,自発報告,医師;薬剤師,R2
AB-16057800,1,女性,50歳代,50kg台,,2016・第四,調査完了,自発報告,薬剤師,R2
AB-16057801,5,女性,60歳代,Missing,,2016・第四,調査完了,試験,医師,R2
AB-16057897,1,女性,80歳代,Missing,,2016・第四,調査完了,自発報告,医師,R2
AB-16057904,2,女性,70歳代,Missing,,2016・第四,調査完了,自発報告,医師,R2
AB-16058719,1,女性,60歳代,Missing,,2016・第四,調査完了,試験,医師,R2
AB-16060388,5,女性,Missing,Missing,,2016・第四,調査完了,自発報告,医師;薬剤師,R2
AB-16060958,1,女性,70歳代,Missing,,2016・第四,調査完了,自発報告,医師,R2
AB-16063318,3,女性,60歳代,Missing,,2016・第四,調査完了,自発報告,医療関係者,R2
AB-17000747,2,女性,60歳代,40kg台,140cm台,2017・第一,調査完了,自発報告,医師,R2
AB-17001439,2,女性,40歳代,Missing,,2017・第一,調査完了,試験,医療関係者,R3
AB-17001532,2,女性,Missing,Missing,,2017・第一,調査完了,試験,医療関係者,R3
AB-17002558,3,女性,70歳代,50kg台,150cm台,2017・第一,調査完了,自発報告,医師,R2
AB-17003628,1,女性,60歳代,Missing,,2017・第一,調査完了,試験,医療関係者,R2
AB-17005221,2,女性,40歳代,50kg台,150cm台,2017・第一,調査完了,自発報告,医師,R2
AB-17005957,1,女性,50歳代,40kg台,150cm台,2017・第一,調査完了,自発報告,薬剤師,R2
AB-17005967,2,女性,70歳代,Missing,,2017・第一,調査完了,自発報告,薬剤師,R2
AB-17007238,1,女性,80歳代,Missing,,2017・第一,調査完了,自発報告,医師,R2
AB-17009207,1,女性,50歳代,Missing,,2017・第一,調査完了,自発報告,医師,R2
AB-17016214,1,女性,50歳代,Missing,,2017・第一,調査完了,自発報告,医師,R2
AB-17016219,1,女性,60歳代,Missing,,2017・第一,調査完了,自発報告,薬剤師,R2
AB-17018098,1,女性,70歳代,Missing,,2017・第二,調査完了,自発報告,医師,R2
AB-17018532,4,女性,10歳代,30kg台,140cm台,2017・第二,調査完了,自発報告,医師,R2
AB-17018558,1,女性,90歳代,Missing,,2017・第二,調査完了,自発報告,医師,R2
AB-17019351,2,女性,70歳代,40kg台,150cm台,2017・第二,調査完了,自発報告,薬剤師,R2
AB-17020169,2,女性,70歳代,Missing,,2017・第二,調査完了,自発報告,医師,R2
AB-17020661,1,女性,60歳代,Missing,,2017・第二,調査完了,自発報告,医師,R2
AB-17020684,3,女性,70歳代,50kg台,150cm台,2017・第二,調査完了,自発報告,医師,R2
AB-17020732,1,女性,80歳代,Missing,,2017・第二,調査完了,自発報告,医師,R2
AB-17023266,1,女性,70歳代,Missing,,2017・第二,調査完了,自発報告,医師,R2
AB-17025236,1,女性,70歳代,40kg台,160cm台,2017・第二,調査完了,自発報告,医師;消費者等,R2
AB-17025384,2,女性,40歳代,Missing,,2017・第二,調査完了,自発報告,医師,R2
AB-17025464,4,女性,Missing,Missing,,2017・第二,調査完了,自発報告,医師,R2
AB-17026272,3,女性,70歳代,40kg台,140cm台,2017・第二,調査完了,自発報告,医師,R2
AB-17027772,3,女性,Missing,Missing,,2017・第二,調査完了,自発報告,医師,R2
AB-17028139,2,女性,60歳代,Missing,,2017・第二,調査完了,自発報告,医師,R2
AB-17028232,4,女性,70歳代,Missing,,2017・第二,調査完了,自発報告,医師,R2
AB-17029654,1,女性,80歳代,Missing,,2017・第二,調査完了,自発報告,医師,R2
AB-17029854,3,女性,Missing,Missing,,2017・第二,調査完了,自発報告,医師,R2
AB-17030830,1,女性,40歳代,Missing,,2017・第二,調査完了,自発報告,医師,R2
AB-17030876,1,女性,70歳代,Missing,,2017・第二,調査完了,自発報告,医師,R2
AB-17031727,2,女性,80歳代,40kg台,150cm台,2017・第二,調査完了,自発報告,医師,R2
AB-17032054,1,女性,70歳代,Missing,,2017・第二,調査完了,自発報告,医師,R2
AB-17033686,2,女性,20歳代,Missing,,2017・第三,調査完了,自発報告,医師,R3
AB-17033699,11,女性,70歳代,50kg台,,2017・第三,調査完了,試験,医師,R2
AB-17034464,1,女性,60歳代,Missing,,2017・第三,調査完了,自発報告,医師,R2
AB-17035003,1,女性,60歳代,Missing,,2017・第三,調査完了,自発報告,医師;薬剤師,R2
AB-17035979,1,女性,50歳代,Missing,,2017・第三,調査完了,自発報告,医師,R2
AB-17037187,1,女性,70歳代,Missing,,2017・第三,調査完了,自発報告,医師,R2
AB-17037351,1,女性,50歳代,Missing,,2017・第三,調査完了,自発報告,医師,R2
AB-17037625,1,女性,60歳代,Missing,,2017・第三,調査完了,自発報告,医師,R2
AB-17038557,1,女性,50歳代,Missing,,2017・第三,調査完了,自発報告,薬剤師,R2
AB-17040199,1,女性,70歳代,Missing,,2017・第三,調査完了,自発報告,医師,R2
AB-17040414,1,女性,80歳代,Missing,,2017・第三,調査完了,自発報告,医師,R2
AB-17042173,1,女性,50歳代,Missing,,2017・第三,調査完了,自発報告,医師,R2
AB-17042976,1,女性,60歳代,Missing,,2017・第三,調査完了,自発報告,医師,R2
AB-17043288,2,女性,70歳代,Missing,,2017・第三,調査完了,自発報告,薬剤師;医療関係者,R2
AB-17043625,1,女性,40歳代,Missing,,2017・第三,調査完了,自発報告,薬剤師,R2
AB-17044627,21,女性,60歳代,60kg台,,2017・第三,調査完了,試験,医療関係者,R2
AB-17047762,2,女性,50歳代,Missing,,2017・第三,調査完了,自発報告,医師,R2
AB-17051550,1,女性,Missing,Missing,,2017・第四,調査完了,自発報告,医師,R2
AB-17053877,1,女性,80歳代,Missing,,2017・第四,調査完了,自発報告,医師;薬剤師,R2
AB-17054231,1,女性,60歳代,Missing,,2017・第四,調査完了,自発報告,医師,R2
AB-17055076,2,女性,60歳代,Missing,,2017・第四,調査完了,自発報告,医師,R2
AB-17059576,1,女性,70歳代,Missing,,2017・第四,調査完了,自発報告,医師,R2
AB-17060066,1,女性,50歳代,Missing,,2017・第四,調査完了,自発報告,医療関係者,R2
AB-17060873,1,女性,80歳代,Missing,,2017・第四,調査完了,自発報告,医師,R2
AB-17061756,1,女性,Missing,Missing,,2017・第四,調査完了,自発報告,医師,R2
AB-17062413,2,女性,60歳代,60kg台,150cm台,2017・第四,調査完了,自発報告,薬剤師,R2
AB-17063268,2,女性,60歳代,Missing,,2017・第四,調査完了,自発報告,医師,R2
AB-17065580,1,女性,40歳代,Missing,,2017・第四,調査完了,自発報告,医師,R2
AB-18000367,1,女性,80歳代,Missing,,2018・第一,調査完了,自発報告,医師,R2
AB-18000371,2,女性,70歳代,50kg台,150cm台,2018・第一,調査完了,自発報告,医師,R3
AB-18000450,1,女性,60歳代,Missing,,2018・第一,調査完了,自発報告,医師,R2
AB-18004819,1,女性,50歳代,Missing,,2018・第一,調査完了,自発報告,医師,R2
AB-18004989,1,女性,Missing,Missing,,2018・第一,調査完了,自発報告,医師,R2
AB-18005516,3,女性,60歳代,Missing,,2018・第一,調査完了,自発報告,医師,R2
AB-18005861,1,女性,60歳代,Missing,,2018・第一,調査完了,自発報告,医師,R2
AB-18006180,2,女性,70歳代,Missing,,2018・第一,調査完了,自発報告,医師,R2
AB-18007231,1,女性,70歳代,Missing,,2018・第一,調査完了,自発報告,医師,R2
AB-18007989,1,女性,50歳代,Missing,,2018・第一,調査完了,自発報告,医師,R2
AB-18008663,2,女性,60歳代,Missing,,2018・第一,調査完了,自発報告,医師,R2
AB-18010260,3,女性,70歳代,40kg台,150cm台,2018・第一,調査完了,自発報告,医師,R2
AB-18010523,2,女性,80歳代,Missing,,2018・第一,調査完了,自発報告,医師,R2
AB-18012043,1,女性,60歳代,Missing,,2018・第一,調査完了,自発報告,医師;薬剤師,R2
AB-18012360,2,女性,70歳代,40kg台,150cm台,2018・第一,調査完了,自発報告,医師,R2
AB-18013207,1,女性,Missing,Missing,,2018・第一,調査完了,自発報告,薬剤師,R2
AB-18014241,1,女性,70歳代,Missing,,2018・第一,調査完了,自発報告,医師,R2
AB-18014295,5,女性,40歳代,60kg台,,2018・第一,調査完了,試験,医療関係者,R2
AB-18014648,3,女性,70歳代,Missing,,2018・第二,調査完了,自発報告,医師,R2
AB-18015991,1,女性,60歳代,Missing,,2018・第二,調査完了,自発報告,医師,R2
AB-18016420,1,女性,40歳代,Missing,,2018・第二,調査完了,自発報告,医師,R2
AB-18016627,1,女性,60歳代,Missing,,2018・第二,調査完了,自発報告,医師,R2
AB-18016629,2,女性,30歳代,Missing,,2018・第二,調査完了,自発報告,医師,R2
AB-18016925,2,女性,60歳代,Missing,,2018・第二,調査完了,自発報告,医師,R3
AB-18018087,1,女性,30歳代,Missing,,2018・第二,調査完了,自発報告,医師,R2
AB-18019636,1,女性,70歳代,Missing,,2018・第二,調査完了,自発報告,医師,R2
AB-18019645,2,女性,60歳代,40kg台,160cm台,2018・第二,調査完了,自発報告,薬剤師,R2
AB-18020398,1,女性,60歳代,Missing,,2018・第二,調査完了,自発報告,医師,R2
AB-18020836,1,女性,高齢者,Missing,,2018・第二,調査完了,自発報告,医師,R2
AB-18022661,4,女性,70歳代,Missing,,2018・第二,調査完了,自発報告,医師,R2
AB-18023261,1,女性,50歳代,Missing,,2018・第二,調査完了,自発報告,医師,R2
AB-18023889,2,女性,80歳代,Missing,,2018・第二,調査完了,自発報告,医師,R2
AB-18024053,1,女性,Missing,Missing,,2018・第二,調査完了,自発報告,医師,R2
AB-18024769,1,女性,70歳代,Missing,,2018・第二,調査完了,自発報告,医師,R2
AB-18025147,1,女性,70歳代,Missing,,2018・第二,調査完了,自発報告,医師,R2
AB-18028109,1,女性,Missing,Missing,,2018・第三,調査完了,自発報告,医師,R2
AB-18028118,2,女性,60歳代,Missing,,2018・第三,調査完了,自発報告,医師,R3
AB-18028280,1,女性,30歳代,Missing,,2018・第三,調査完了,自発報告,医師,R2
AB-18028402,1,女性,70歳代,Missing,,2018・第三,調査完了,自発報告,医師,R2
AB-18028578,3,女性,60歳代,40kg台,150cm台,2018・第三,調査完了,自発報告,医師,R2
AB-18031178,2,女性,50歳代,Missing,,2018・第三,調査完了,自発報告,医師,R2
AB-18033335,2,女性,20歳代,Missing,,2018・第三,調査完了,自発報告,医師,R2
AB-18034039,2,女性,60歳代,40kg台,150cm台,2018・第三,調査完了,自発報告,薬剤師,R2
AB-18035837,1,女性,70歳代,Missing,,2018・第三,調査完了,自発報告,医師,R2
AB-18036298,1,女性,60歳代,Missing,,2018・第三,調査完了,自発報告,医療関係者,R2
AB-18037075,1,女性,70歳代,Missing,,2018・第三,調査完了,自発報告,医師,R2
AB-18038804,1,女性,50歳代,Missing,,2018・第四,調査完了,自発報告,薬剤師,R2
AB-18038934,1,女性,60歳代,70kg台,140cm台,2018・第四,調査完了,自発報告,医師,R2
AB-18040347,1,女性,40歳代,Missing,,2018・第四,調査完了,自発報告,医療関係者,R2
AB-18040705,1,女性,40歳代,Missing,,2018・第四,調査完了,自発報告,医療関係者,R2
AB-18040875,1,女性,80歳代,Missing,,2018・第四,調査完了,自発報告,薬剤師,R2
AB-18040973,2,女性,Missing,Missing,,2018・第四,調査完了,自発報告,医師,R2
AB-18041224,3,女性,40歳代,Missing,,2018・第四,調査完了,自発報告,医師,R3
AB-18042123,1,女性,70歳代,Missing,,2018・第四,調査完了,自発報告,医療関係者,R2
AB-18523509,1,女性,Missing,Missing,,2018・第四,調査完了,自発報告,医師,R3
AB-18526300,2,女性,50歳代,Missing,,2018・第四,調査完了,自発報告,医師,R3
AB-18526435,10,女性,80歳代,Missing,,2018・第四,調査完了,自発報告,医師,R3
AB-18527632,1,女性,70歳代,Missing,,2018・第四,調査完了,自発報告,医師,R3
AB-19101985,2,女性,60歳代,40kg台,160cm台,2019・第一,調査完了,自発報告,医師,R3
AB-19102882,3,女性,60歳代,Missing,,2019・第一,調査完了,自発報告,医師,R3
AB-19105674,1,女性,60歳代,Missing,,2019・第一,調査完了,自発報告,薬剤師,R3
AB-19106188,4,女性,70歳代,Missing,,2019・第一,調査完了,自発報告,薬剤師,R3
AB-19106656,3,女性,40歳代,40kg台,150cm台,2019・第一,調査完了,自発報告,薬剤師,R3
AB-19106718,1,女性,60歳代,Missing,,2019・第一,調査完了,自発報告,医師,R3
AB-19107123,1,女性,50歳代,70kg台,160cm台,2019・第一,調査完了,自発報告,医師,R3
AB-19107416,1,女性,70歳代,Missing,,2019・第一,調査完了,自発報告,薬剤師,R3
AB-19107446,1,女性,70歳代,Missing,,2019・第一,調査完了,自発報告,医師,R3
AB-19109516,3,女性,50歳代,30kg台,150cm台,2019・第一,調査完了,自発報告,薬剤師,R3
AB-19110940,1,女性,Missing,Missing,,2019・第一,調査完了,自発報告,薬剤師,R3
AB-19111389,3,女性,60歳代,Missing,,2019・第一,調査完了,自発報告,医師,R3
AB-19112435,1,女性,80歳代,Missing,,2019・第一,調査完了,自発報告,薬剤師,R3
AB-19113639,1,女性,70歳代,40kg台,,2019・第一,調査完了,自発報告,薬剤師,R3
AB-19114397,1,女性,70歳代,Missing,,2019・第一,調査完了,自発報告,医師,R3
AB-19114601,2,女性,50歳代,Missing,,2019・第一,調査完了,自発報告,医師,R3
AB-19117869,1,女性,70歳代,Missing,,2019・第二,調査完了,自発報告,医療関係者,R3
AB-19120830,1,女性,60歳代,40kg台,160cm台,2019・第二,調査完了,自発報告,医師;医療関係者;消費者等,R3
AB-19123358,1,女性,70歳代,Missing,,2019・第二,調査完了,自発報告,医師,R3
AB-19126266,2,女性,70歳代,50kg台,150cm台,2019・第二,調査完了,自発報告,医師,R3
AB-19128142,2,女性,60歳代,Missing,,2019・第二,調査完了,自発報告,医師,R3
AB-19137694,2,女性,70歳代,Missing,,2019・第三,調査完了,自発報告,医師,R3
AB-19139314,1,女性,Missing,Missing,,2019・第三,調査完了,自発報告,医師,R3
AB-19140746,5,女性,60歳代,50kg台,150cm台,2019・第三,調査完了,自発報告,医師,R3
AB-19141929,2,女性,80歳代,Missing,,2019・第三,調査完了,自発報告,医師,R3
AB-19142368,1,女性,60歳代,Missing,,2019・第三,調査完了,自発報告,医療関係者,R3
AB-19143550,2,女性,70歳代,Missing,,2019・第三,調査完了,自発報告,医師,R3
AB-19146931,1,女性,70歳代,Missing,,2019・第三,調査完了,自発報告,医師,R3
AB-19148845,2,女性,60歳代,Missing,,2019・第三,調査完了,自発報告,医師,R3
AB-19148848,2,女性,70歳代,Missing,,2019・第三,調査完了,自発報告,医師,R3
AB-19151444,3,女性,60歳代,60kg台,150cm台,2019・第三,調査完了,試験,医師,R3
AB-19152258,1,女性,50歳代,Missing,,2019・第三,調査完了,自発報告,薬剤師,R3
AB-19155878,1,女性,60歳代,Missing,,2019・第四,調査完了,自発報告,医師,R3
AB-19163409,3,女性,60歳代,50kg台,140cm台,2019・第四,調査完了,自発報告,医師,R3
AB-19164833,3,女性,50歳代,70kg台,160cm台,2019・第四,調査完了,試験,医師,R3
AB-19165526,1,女性,60歳代,70kg台,150cm台,2019・第四,調査完了,自発報告,医師;薬剤師,R3
AB-19166284,1,女性,60歳代,Missing,,2019・第四,調査完了,自発報告,医師,R3
AB-20004444,1,女性,60歳代,Missing,,2020・第一,調査完了,自発報告,薬剤師,R3
AB-20007078,2,女性,90歳代,Missing,,2020・第一,調査完了,自発報告,医師,R3
AB-20007079,1,女性,80歳代,Missing,,2020・第一,調査完了,自発報告,医師,R3
AB-20008436,1,女性,70歳代,Missing,,2020・第一,調査完了,自発報告,医師,R3
AB-20011576,1,女性,70歳代,Missing,,2020・第二,調査完了,自発報告,薬剤師,R3
AB-20019300,1,女性,40歳代,50kg台,150cm台,2020・第二,調査完了,自発報告,薬剤師,R3
AB-20032269,1,女性,60歳代,Missing,,2020・第三,調査完了,自発報告,医師,R3
AB-20033100,1,女性,50歳代,Missing,,2020・第三,調査完了,自発報告,医師,R3
AB-20033375,4,女性,50歳代,30kg台,150cm台,2020・第三,調査完了,自発報告,医師,R3
AB-20033465,7,女性,50歳代,30kg台,150cm台,2020・第三,調査完了,自発報告,医師,R3
AB-20033472,1,女性,70歳代,Missing,,2020・第三,調査完了,自発報告,薬剤師,R3
AB-20035965,1,女性,70歳代,Missing,150cm台,2020・第三,調査完了,自発報告,医師,R3
AB-20036094,1,女性,50歳代,Missing,,2020・第三,調査完了,自発報告,医師,R3
AB-20039139,1,女性,70歳代,50kg台,150cm台,2020・第三,調査完了,自発報告,薬剤師,R3
AB-20040907,3,女性,70歳代,60kg台,150cm台,2020・第三,調査完了,自発報告,薬剤師,R3
AB-20041796,1,女性,60歳代,Missing,,2020・第三,調査完了,自発報告,薬剤師,R3
AB-20044212,2,女性,60歳代,Missing,,2020・第四,調査完了,自発報告,薬剤師,R3
AB-20050878,1,女性,70歳代,60kg台,150cm台,2020・第四,調査完了,自発報告,薬剤師,R3
AB-20055405,4,女性,40歳代,50kg台,150cm台,2020・第四,調査完了,自発報告,医師,R3
AB-21001062,6,女性,40歳代,50kg台,150cm台,2021・第一,調査完了,自発報告,医師,R3
AB-21005663,1,女性,50歳代,70kg台,,2021・第一,調査完了,試験,医療関係者,R3
AB-21005772,2,女性,70歳代,Missing,,2021・第一,調査完了,自発報告,医師,R3
AB-21007704,1,女性,70歳代,40kg台,150cm台,2021・第一,調査完了,自発報告,医師,R3
AB-21024916,1,女性,70歳代,Missing,,2021・第二,調査完了,自発報告,医師,R3
AB-21027041,1,女性,30歳代,Missing,,2021・第二,調査完了,自発報告,医療関係者,R3
AB-21031184,2,女性,70歳代,50kg台,150cm台,2021・第二,調査完了,自発報告,薬剤師,R3
AB-21039532,3,女性,60歳代,Missing,,2021・第二,調査完了,自発報告,医師;医療関係者,R3
AB-21039867,1,女性,20歳代,40kg台,150cm台,2021・第二,調査完了,自発報告,医療関係者,R3
AB-21042361,2,女性,70歳代,80kg台,140cm台,2021・第二,調査完了,自発報告,薬剤師,R3
AB-21049136,1,女性,60歳代,Missing,,2021・第二,調査完了,自発報告,薬剤師,R3
AB-21057897,2,女性,高齢者,40kg台,150cm台,2021・第三,調査完了,自発報告,薬剤師,R3
AB-21063431,1,女性,Missing,Missing,,2021・第三,調査完了,自発報告,薬剤師,R3
AB-21067183,1,女性,70歳代,Missing,,2021・第三,調査完了,自発報告,医療関係者,R3
AB-21081157,1,女性,70歳代,Missing,,2021・第四,調査完了,自発報告,医師,R3
AB-21085399,1,女性,60歳代,Missing,,2021・第四,調査完了,自発報告,薬剤師,R3
AB-22003478,1,女性,70歳代,30kg台,,2022・第一,調査完了,自発報告,薬剤師,R3
AB-22008634,3,女性,80歳代,Missing,,2022・第一,調査完了,自発報告,医師,R3
AB-22033815,2,女性,80歳代,50kg台,150cm台,2022・第二,調査完了,自発報告,薬剤師,R3
AB-22059929,1,女性,40歳代,Missing,,2022・第三,調査完了,自発報告,医師,R3
AB-23013086,1,女性,60歳代,Missing,,2023・第一,調査完了,自発報告,医療関係者,R3
AB-23019877,1,女性,70歳代,Missing,,2023・第二,調査完了,自発報告,薬剤師,R3
AB-23060514,1,女性,60歳代,Missing,,2023・第四,調査完了,自発報告,薬剤師,R3
AB-23061584,2,女性,60歳代,Missing,,2023・第四,調査完了,自発報告,医療関係者,R3
AB-23068946,1,女性,60歳代,Missing,,2023・第四,調査完了,自発報告,薬剤師,R3
AB-24016816,2,女性,50歳代,Missing,,2024・第一,調査完了,自発報告,医療関係者,R3
AB-24019840,1,女性,50歳代,Missing,,2024・第二,調査完了,自発報告,医療関係者,R3
AB-24033893,2,女性,70歳代,30kg台,150cm台,2024・第二,調査完了,自発報告,薬剤師,R3
AB-24048914,1,女性,70歳代,Missing,,2024・第三,調査完了,試験,医療関係者,R3
AB-24048918,1,女性,60歳代,Missing,,2024・第三,調査完了,試験,医療関係者,R3
AB-24055156,2,女性,30歳代,Missing,,2024・第三,調査完了,自発報告,薬剤師,R3
CA-12000867,7,女性,60歳代,40kg台,150cm台,2012・第二,調査完了,自発報告,薬剤師,R2
CA-12003210,5,女性,20歳代,30kg台,150cm台,2012・第四,調査完了,自発報告,医師,R2
CA-17505141,3,女性,60歳代,60kg台,150cm台,2017・第四,調査完了,自発報告,薬剤師,R3
CA-18502510,3,女性,60歳代,30kg台,160cm台,2018・第二,調査完了,自発報告,薬剤師,R3
CA-18505071,3,女性,60歳代,40kg台,150cm台,2018・第三,調査完了,自発報告,薬剤師,R3
CA-19103631,3,女性,50歳代,40kg台,150cm台,2019・第二,調査完了,自発報告,薬剤師,R3
CA-20003186,3,女性,70歳代,50kg台,150cm台,2020・第二,調査完了,自発報告,薬剤師;不明,R3
CA-21000437,3,女性,70歳代,40kg台,150cm台,2021・第一,調査完了,自発報告,医師;薬剤師,R3
CA-21000438,3,女性,70歳代,40kg台,150cm台,2021・第一,調査完了,自発報告,医師;薬剤師,R3
CA-21000439,3,女性,70歳代,40kg台,150cm台,2021・第一,調査完了,自発報告,医師;薬剤師,R3
CA-21002259,3,女性,70歳代,50kg台,150cm台,2021・第二,調査完了,自発報告,薬剤師,R3
CA-22003149,3,女性,80歳代,50kg台,150cm台,2022・第二,調査完了,自発報告,薬剤師,R3
CA-24003513,3,女性,70歳代,30kg台,150cm台,2024・第二,調査完了,自発報告,薬剤師,R3
