﻿primaryid,drug_seq,role_cod,drugname,route,dose_vbm,dur_days,dur_group
174315911,1,PS,REYVOW,Unknown,"UNK, UNKNOWN",,
174645941,1,PS,REYVOW,Unknown,"100 MG, UNKNOWN",,
174697081,1,PS,REYVOW,Oral,,,
174697081,2,C,TRAMADOL.,Unknown,,,
174699341,1,PS,REYVOW,Unknown,,,
174700321,1,PS,REYVOW,,100 MG,,
174925171,1,PS,REYVOW,Oral,"100 MG, UNKNOWN",,
174966831,1,PS,REYVOW,Oral,"100 MG, UNKNOWN",1.0,0-30 d
174975301,1,PS,REYVOW,Oral,"100 MG, UNKNOWN",,
174980431,1,PS,REYVOW,Oral,"100 MG, UNKNOWN",,
175009961,1,PS,REYVOW,Unknown,"UNK, UNKNOWN",,
175103161,1,PS,REYVOW,Unknown,"UNK, UNKNOWN",,
175155171,1,PS,REYVOW,Unknown,"100 MG, UNKNOWN",1.0,0-30 d
175178201,1,PS,REYVOW,Unknown,"UNK UNK, UNKNOWN",,
175280201,1,PS,REYVOW,Unknown,"100 MG, UNKNOWN",,
175310581,1,PS,REYVOW,Oral,"100 MG, UNKNOWN",1.0,0-30 d
175310581,2,C,TOPAMAX,Unknown,"UNK, UNKNOWN",,
175336571,1,PS,REYVOW,Unknown,"100 MG, UNKNOWN",,
175347901,1,PS,REYVOW,Unknown,"100 MG, UNKNOWN",,
175353871,1,PS,REYVOW,Unknown,"100 MG, UNKNOWN",,
175386491,1,PS,REYVOW,Oral,,9.0,0-30 d
175386491,2,C,BOTOX,,,,
175386491,4,C,VYVANSE,,,,
175386491,6,C,TROKENDI,,,,
175386491,8,C,CYMBALTA,,,,
175386491,10,C,ULTRACET,,,,
175386491,12,C,BREO ELLIPTA,,,,
175386491,14,C,FORTEO,,,,
175386491,16,C,MULTIVITAMIN,,,,
175405851,1,PS,REYVOW,Unknown,"100 MG, UNKNOWN",,
175418752,1,PS,REYVOW,Unknown,"100 MG, UNKNOWN",6.0,0-30 d
175573671,1,PS,REYVOW,Oral,"200 MG, UNKNOWN",1.0,0-30 d
175573671,2,C,CAMBIA,Unknown,"50 MG, UNKNOWN",1.0,0-30 d
175573911,1,PS,REYVOW,Unknown,"100 MG, UNKNOWN",,
175573911,2,C,SUMATRIPTAN.,Unknown,"UNK, UNKNOWN",,
175573911,3,C,AIMOVIG,Unknown,"UNK, UNKNOWN",,
175617691,1,PS,REYVOW,Unknown,"UNK UNK, UNKNOWN",,
175632851,1,PS,REYVOW,Oral,"100 MG, UNKNOWN",1.0,0-30 d
175668711,1,PS,REYVOW,Unknown,"100 MG, UNKNOWN",,
175683001,1,PS,REYVOW,Unknown,"100 MG, UNKNOWN",,
175779241,1,PS,REYVOW,Unknown,"100 MG, UNKNOWN",,
175810091,1,PS,REYVOW,Unknown,"1 DOSAGE FORM, UNKNOWN",,
175810111,1,PS,REYVOW,Oral,"100 UG, UNKNOWN",,
175811811,1,PS,REYVOW,Unknown,"1 DOSAGE FORM, UNKNOWN",,
175811811,2,C,AIMOVIG,Unknown,"1 DOSAGE FORM, UNKNOWN",,
176056801,1,PS,REYVOW,Oral,"100 MG, UNKNOWN",,
176084831,1,PS,REYVOW,Unknown,"UNK UNK, UNKNOWN",,
174983522,1,PS,REYVOW,Unknown,"100 MG, PRN",,
174983522,2,C,AJOVY,Unknown,"UNK, UNKNOWN",,
174983522,3,C,DRAMAMINE,Unknown,"UNK, UNKNOWN",,
174983522,4,C,EPIDIOLEX,Unknown,"UNK, UNKNOWN",,
174983522,5,C,TRAMADOL.,Unknown,"UNK, UNKNOWN",,
174983522,6,C,XANAX,Unknown,"UNK, UNKNOWN",,
174983522,7,C,ZOLOFT,Unknown,"UNK, UNKNOWN",,
174983522,8,C,SYNTHROID,Unknown,"UNK, UNKNOWN",,
174992574,1,PS,REYVOW,Unknown,100 MG,1.0,0-30 d
174992574,2,C,ALEVE,Unknown,,,
174992574,3,C,FIORICET,Unknown,,,
175520072,1,PS,REYVOW,Oral,"100 MG, PRN",,
175520072,2,C,AIMOVIG,Unknown,"UNK, UNKNOWN",,
175520072,3,C,VICODIN,Unknown,"UNK, UNKNOWN",,
175520072,4,C,BOTOX,,,,
175520072,5,C,FAMOTIDINE.,,,,
175520072,6,C,MIRAPEX,,,,
175520072,7,C,SUMATRIPTAN.,,,,
175520072,8,C,BUSPAR,,,,
175520072,9,C,TIZANIDINE.,,,,
175520072,10,C,TROKENDI,,,,
175849432,1,PS,REYVOW,Oral,"100 MG, SINGLE",,
175849432,2,SS,EMGALITY,Unknown,LOADING DOSE,,
175849432,3,C,ESTRADIOL.,,,,
175849432,4,C,PROGESTERONE.,,,,
175849432,5,C,SINGULAIR,,,,
175849432,6,C,BACLOFEN.,,,,
176106811,1,PS,REYVOW,Unknown,"200 MG, UNKNOWN",1.0,0-30 d
176112281,1,PS,REYVOW,Unknown,"UNK, UNKNOWN",,
176124661,1,PS,REYVOW,Unknown,"UNK UNK, UNKNOWN",,
176124661,2,I,ZOFRAN,Unknown,"UNK, UNKNOWN",,
176318331,1,PS,REYVOW,Unknown,"50 MG, UNKNOWN",,
176352451,1,PS,REYVOW,Unknown,"UNK UNK, UNKNOWN",,
176560151,1,PS,REYVOW,Unknown,"100 MG, UNKNOWN",,
176623511,1,PS,REYVOW,Unknown,"UNK, UNKNOWN",,
176623511,2,C,WELLBUTRIN,Unknown,"300 MG, UNKNOWN",,
176623511,3,C,WELLBUTRIN,,,,
176623511,4,C,EMGALITY,Unknown,"120 MG, UNKNOWN",,
176625421,1,PS,REYVOW,Unknown,"UNK UNK, UNKNOWN",,
176626211,1,PS,REYVOW,Unknown,UNK,,
176678781,1,PS,REYVOW,Oral,"100 MG, UNKNOWN",1.0,0-30 d
176793002,1,PS,REYVOW,Unknown,"UNK, UNKNOWN",,
176793002,2,SS,EMGALITY,Unknown,"1 DOSAGE FORM, UNKNOWN",,
176793002,3,C,PROPRANOLOL,Unknown,,,
176793002,4,C,NEXIUM I.V.,Unknown,,,
177153961,1,PS,REYVOW,Unknown,"100 MG, UNKNOWN",,
177228661,1,PS,REYVOW,Unknown,"UNK, UNKNOWN",,
177228671,1,PS,REYVOW,Unknown,"UNK, UNKNOWN",,
177400281,1,PS,REYVOW,Oral,?          QUANTITY:1 TABLET(S);?,1.0,0-30 d
177400281,3,C,MIRENA,,,,
177400281,5,C,BOTOX,,,,
177400281,7,C,NAPROXEN.,,,,
177400281,9,C,RETIN-A,,,,
177400281,11,C,PROMETHAZINE,,,,
177445651,1,PS,REYVOW,Unknown,"UNK UNK, UNKNOWN",,
177516721,1,PS,REYVOW,Oral,"100 MG, UNKNOWN",,
177570632,1,PS,REYVOW,Unknown,"50 MG, UNKNOWN",,
177630291,1,PS,LASMIDITAN 100MG,Oral,100 MG,,
177681091,1,PS,REYVOW,Unknown,"UNK, UNKNOWN",,
177721011,1,PS,REYVOW,Unknown,"50 MG, UNKNOWN",,
177843671,1,PS,REYVOW,Oral,,,
177847781,1,PS,REYVOW,Unknown,"UNK, UNKNOWN",,
177879991,1,PS,REYVOW,Unknown,"100 MG, UNKNOWN",,
177945441,1,PS,REYVOW,Unknown,,,
177994491,1,PS,REYVOW,Unknown,"50 MG, OTHER",1.0,0-30 d
177994491,2,C,PAXIL,Unknown,,,
177994491,3,C,CBD OIL,Unknown,,,
177994491,4,C,AMITRIPTYLINE,Unknown,,,
177994491,5,C,GABAPENTIN.,Unknown,,,
177994491,6,C,VIIBRYD,Unknown,,,
177994491,7,C,CLONAZEPAM.,Unknown,,,
177994491,8,C,AJOVY,Unknown,,,
177994491,9,C,METORMIN,Unknown,,,
178087391,1,PS,REYVOW,Unknown,,,
178088911,1,PS,LASMIDITAN.,Unknown,UNK,,
178088921,1,PS,LASMIDITAN.,Unknown,UNK,,
178121642,1,PS,REYVOW,Oral,"100 MG, UNKNOWN",,
178121642,2,C,AIMOVIG,Unknown,"UNK, UNKNOWN",,
178128092,1,PS,REYVOW,Oral,"100 MG, OTHER",,
178128092,2,C,BOTOX,Unknown,"1 DOSAGE FORM, UNKNOWN",,
178128092,3,C,RIMEGEPANT.,Unknown,"75 MG, OTHER",,
178129992,1,PS,REYVOW,Oral,"100 MG, UNKNOWN",,
178129992,2,SS,REYVOW,Oral,50 MG,,
178129992,3,C,EMGALITY,Unknown,"120 MG, UNKNOWN",,
178132181,1,PS,REYVOW,Unknown,"100 MG, UNKNOWN",,
178181441,1,PS,REYVOW,Oral,"100 MG, UNKNOWN",,
178257171,1,PS,REYVOW,Oral,"50 MG, UNKNOWN",,
178355081,1,PS,REYVOW,Unknown,"100 MG, UNKNOWN",,
178464361,1,PS,REYVOW,Unknown,"100 MG, UNKNOWN",,
178468421,1,PS,REYVOW,Unknown,"UNK UNK, UNKNOWN",,
178471661,1,PS,REYVOW,Unknown,"UNK UNK, UNKNOWN",,
178477791,1,PS,REYVOW,Oral,"UNK UNK, UNKNOWN",1.0,0-30 d
178478991,1,PS,REYVOW,Unknown,"100 MG, UNKNOWN",,
178556011,1,PS,REYVOW,Unknown,"UNK UNK, UNKNOWN",,
178766211,1,PS,REYVOW,Oral,"50 MG, UNKNOWN",,
178766211,2,C,UBROGEPANT,Unknown,"UNK, UNKNOWN",1.0,0-30 d
178796931,1,PS,REYVOW,Unknown,"100 MG, UNKNOWN",,
178798401,1,PS,REYVOW,Unknown,"100 MG, UNKNOWN",,
178861311,1,PS,REYVOW,Oral,"100 MG, UNKNOWN",,
178874151,1,PS,REYVOW,Unknown,,,
178976581,1,PS,REYVOW,Oral,"50 MG, UNKNOWN",,
179077111,1,PS,REYVOW,Unknown,"100 MG, UNKNOWN",,
179077111,2,C,RIZATRIPTAN.,,,,
179085371,1,PS,REYVOW,Unknown,"50 MG, UNKNOWN",,
179140421,1,PS,REYVOW,Unknown,"100 MG, UNKNOWN",,
179181971,1,PS,REYVOW,Unknown,"100 MG, UNKNOWN",,
179194361,1,PS,REYVOW,Unknown,50 MG,,
179202601,1,PS,REYVOW,Unknown,"UNK, UNKNOWN",,
179202601,2,I,CBD OIL,,"20 MG, DAILY",,
179229881,1,PS,REYVOW,Oral,?          QUANTITY:8 TABLET(S);?,1.0,0-30 d
179248981,1,PS,REYVOW,Unknown,"UNK, UNKNOWN",,
179250791,1,PS,REYVOW,Unknown,"100 MG, UNKNOWN",,
179263411,1,PS,REYVOW,Unknown,,,
179263451,1,PS,REYVOW,Unknown,1 DOSAGE FORM,,
179263451,2,C,EXCEDRIN [CAFFEINE;PARACETAMOL],Unknown,,,
179300851,1,PS,REYVOW,Unknown,"UNK, UNKNOWN",,
179301201,1,PS,REYVOW,Oral,?          OTHER FREQUENCY:ONCE;?,67.0,61-90 d
179301201,2,SS,UBRELVY,Oral,?          OTHER FREQUENCY:ONCE;?,53.0,31-60 d
179305261,1,PS,REYVOW,Unknown,"UNK, UNKNOWN",,
179306201,1,PS,REYVOW,Oral,"100 MG, UNKNOWN",,
179319101,1,PS,REYVOW,Unknown,"100 MG, UNKNOWN",,
179331741,1,PS,REYVOW,Unknown,"1 DOSAGE FORM, SINGLE",,
179337611,1,PS,REYVOW,Unknown,"100 MG, UNKNOWN",,
179337611,2,SS,REYVOW,Unknown,50 MG,,
179393521,1,PS,REYVOW,Oral,"50 MG, UNKNOWN",,
179407651,1,PS,REYVOW,Unknown,,,
179418361,1,PS,REYVOW,Oral,,67.0,61-90 d
179418361,2,SS,UBRELVY,Oral,,53.0,31-60 d
179378782,1,PS,REYVOW,Unknown,"UNK UNK, UNKNOWN",,
179458482,1,PS,REYVOW,Oral,"UNK UNK, UNKNOWN",,
179458482,2,C,BOTOX,Unknown,"155 DOSAGE FORM, UNKNOWN",,
179458482,3,C,TROKENDI XR,Oral,"200 MG, DAILY",,
179458482,4,C,UBROGEPANT,Unknown,"100 MG, UNKNOWN",,
179458482,5,C,ZOLMITRIPTAN.,Unknown,"5 MG, PRN",,
179458482,6,C,ZOLMITRIPTAN.,Nasal,"1 DOSAGE FORM, PRN",,
179458482,7,C,ADAPALENE.,Topical,"UNK, EACH EVENING",,
179458482,8,C,"DEXTROAMPHET SACCHARAT, AMPHET ASPARTATE, DEXTROAMPHET SULFATE AND AMPHET SULFAT",Oral,"10 MG, BID",,
179458482,9,C,CONTRAVE,Oral,"1 DOSAGE FORM, EACH MORNING",,
179458482,10,C,LEXAPRO,Oral,"30 MG, DAILY",,
179458482,11,C,LAMOTRIGINE.,Unknown,"200 MG, UNKNOWN",,
179458482,12,C,LEVOTHYROXINE.,Oral,"75 MG, DAILY",,
179458482,13,C,VYVANSE,Oral,"50 MG, EACH MORNING",,
179458482,14,C,MAGNESIUM OXIDE.,Oral,"400 MG, DAILY",,
179458482,15,C,NAPROXEN.,Oral,"220 MG, PRN",,
179458482,16,C,SPIRONOLACTONE.,Oral,"100 MG, DAILY",,
179458482,17,C,ZOLPIDEM,Oral,"10 MG, PRN",,
179458482,18,C,ASHWAGANDHA [WITHANIA SOMNIFERA ROOT],Unknown,"UNK, UNKNOWN",,
179743461,1,PS,REYVOW,Unknown,"UNK UNK, UNKNOWN",,
179744291,1,PS,REYVOW,Unknown,"100 MG, UNKNOWN",,
179744301,1,PS,REYVOW,Unknown,"100 MG, UNKNOWN",,
179753221,1,PS,REYVOW,Oral,"100 MG, UNKNOWN",,
179841981,1,PS,REYVOW,Unknown,"100 MG, UNKNOWN",,
179844881,1,PS,REYVOW,Unknown,,,
179856701,1,PS,REYVOW,Unknown,"100 MG, UNKNOWN",,
179860391,1,PS,REYVOW,Unknown,,,
179885021,1,PS,REYVOW,Oral,?          QUANTITY:1 TABLET(S);?,2.0,0-30 d
179885021,3,C,"BUTALBITAL, ACETAMINOPHEN, AND CAFFEINE",,,,
179885021,5,C,LEVOTHYROXINE.,,,,
179885021,7,C,LISINOPRIL.,,,,
179885021,9,C,METOPROLOL.,,,,
179885021,11,C,SIMVASTATIN.,,,,
179885021,13,C,SITAGLIPTIN?METFORMIN,,,,
179885021,15,C,DULAGLUTIDE.,,,,
179885021,17,C,HYOSCYAMINE.,,,,
179885021,19,C,VITAMIN D 3003MG,,,,
179891011,1,PS,REYVOW,Unknown,"UNK, UNKNOWN",,
179891011,2,C,DOXEPIN,Unknown,"75 MG, EACH EVENING",,
179901451,1,PS,REYVOW,Oral,"100 MG, UNKNOWN",,
179909041,1,PS,REYVOW,Unknown,"UNK, UNKNOWN",,
179918262,1,PS,REYVOW,Unknown,"UNK, UNKNOWN",,
179918262,2,SS,EMGALITY,Unknown,"UNK, UNKNOWN",,
179918262,3,C,RIZATRIPTAN.,Unknown,"UNK, UNKNOWN",,
179918262,4,C,BUSPAR,Unknown,"UNK, UNKNOWN",,
179951751,1,PS,REYVOW,Unknown,,,
180021131,1,PS,REYVOW,Unknown,,,
180141311,1,PS,REYVOW,Unknown,"50 MG, OTHER",,
180141311,2,SS,REYVOW,Unknown,100 UNK,,
180141311,3,SS,REYVOW,Unknown,200 UNK,,
180156251,1,PS,REYVOW,Unknown,"100 MG, UNKNOWN",,
180160331,1,PS,REYVOW,Unknown,"100 MG, UNKNOWN",,
180171441,1,PS,REYVOW,Unknown,"100 MG, UNKNOWN",,
180171441,2,C,MORPHINE,Unknown,"UNK, BID",,
180171441,3,C,ZOLOFT,Unknown,"UNK, UNKNOWN",,
180210741,1,PS,REYVOW,Oral,"100 MG, UNKNOWN",,
180210741,2,SS,ABILIFY,Unknown,,,
180242071,1,PS,REYVOW,Unknown,"100 MG, UNKNOWN",,
180289381,1,PS,REYVOW,Unknown,"100 MG, UNKNOWN",,
180313051,1,PS,REYVOW,Oral,,1.0,0-30 d
180335111,1,PS,REYVOW,Unknown,"50 MG, UNKNOWN",,
180394341,1,PS,REYVOW,Unknown,"UNK UNK, UNKNOWN",,
180400591,1,PS,REYVOW,Unknown,"100 MG, PRN",,
180402671,1,PS,LASMIDITAN.,Unknown,"50 MG, UNKNOWN",,
180414101,1,PS,REYVOW,Unknown,"100 MG, UNKNOWN",,
180414101,2,C,GABAPENTIN.,,,,
180414101,3,C,XANAX,,,,
180414101,4,C,OXYCONTIN,,,,
180414101,5,C,BUPRENORPHINE TRANSDERMAL SYSTEM,,,,
180462321,1,PS,REYVOW,Unknown,"1 DOSAGE FORM, UNKNOWN",,
180502341,1,PS,REYVOW,Unknown,,,
180511291,1,PS,REYVOW,Unknown,"50 MG, UNKNOWN",,
180538721,1,PS,REYVOW,Unknown,"100 MG, UNKNOWN",,
180566241,1,PS,REYVOW,Unknown,"UNK, UNKNOWN",,
180686661,1,PS,REYVOW,Unknown,"50 MG, UNKNOWN",,
180735721,1,PS,REYVOW,Unknown,"UNK, UNKNOWN",,
180742231,1,PS,REYVOW,Unknown,"UNK, UNKNOWN",,
180768701,1,PS,REYVOW,Unknown,"UNK, UNKNOWN",,
180826491,1,PS,REYVOW,Oral,"100 MG, UNKNOWN",,
180954181,1,PS,REYVOW,Unknown,,,
180965552,1,PS,REYVOW,Unknown,"UNK UNK, UNKNOWN",6571.0,360 d+
180990281,1,PS,REYVOW,Unknown,,,
181006251,1,PS,REYVOW,Unknown,50 MG,,
181055921,1,PS,REYVOW,Oral,100 MG,,
181079261,1,PS,REYVOW,Unknown,"100 MG, UNKNOWN",,
181079261,2,SS,REYVOW,Unknown,"50 MG, UNKNOWN",,
181101631,1,PS,REYVOW,Unknown,100 MG,,
181155811,1,PS,REYVOW,Unknown,"100 MG, UNKNOWN",,
181319081,1,PS,REYVOW,Unknown,"1 DOSAGE FORM, UNKNOWN",,
181348901,1,PS,REYVOW,Unknown,,,
181406141,1,PS,REYVOW,Unknown,"1 DOSAGE FORM, UNKNOWN",,
181525881,1,PS,REYVOW,Unknown,"UNK UNK, UNKNOWN",,
181602841,1,PS,REYVOW,Unknown,,,
181643141,1,PS,REYVOW,Unknown,"100 MG, UNKNOWN",,
181660841,1,PS,REYVOW,Unknown,,,
181666811,1,PS,REYVOW,Unknown,"1 DOSAGE FORM, UNKNOWN",,
181702521,1,PS,REYVOW,Unknown,"UNK, UNKNOWN",,
181703581,1,PS,REYVOW,Unknown,"100 MG, UNKNOWN",,
181768971,1,PS,REYVOW,Oral,"UNK, UNKNOWN",,
181770491,1,PS,REYVOW,Oral,,,
181809552,1,PS,REYVOW,Unknown,,,
181812481,1,PS,REYVOW,Unknown,"50 MG, UNKNOWN",,
181894041,1,PS,REYVOW,Oral,50 MG,,
181953061,1,PS,REYVOW,Unknown,"100 MG, UNKNOWN",,
181958491,1,PS,REYVOW,Unknown,"1 DOSAGE FORM, UNKNOWN",,
181993401,1,PS,REYVOW,Oral,"UNK UNK, UNKNOWN",,
181993511,1,PS,LASMIDITAN.,Unknown,,,
181995401,1,PS,REYVOW,Unknown,"50 MG, UNKNOWN",,
182000981,1,PS,REYVOW,Unknown,,,
182090711,1,PS,REYVOW,Unknown,"UNK, UNKNOWN",,
182095561,1,PS,REYVOW,Unknown,"UNK UNK, UNKNOWN",,
182097241,1,PS,REYVOW,Unknown,"1 DOSAGE FORM, UNKNOWN",,
182098221,1,PS,REYVOW,Unknown,"1 DOSAGE FORM, UNKNOWN",,
182151601,1,PS,REYVOW,Oral,"100 MG, UNKNOWN",,
182151601,2,C,AMITRIPTYLINE,Unknown,,,
182151601,3,C,WELLBUTRIN,Unknown,,,
182151601,4,C,CLONAZEPAM.,Unknown,,,
182151601,5,C,BUSPIRONE,Unknown,,,
182151601,6,C,LAMICTAL,Unknown,,,
182237331,1,PS,REYVOW,Unknown,"UNK, UNKNOWN",,
182341351,1,PS,REYVOW,Unknown,"UNK UNK, UNKNOWN",,
182359951,1,PS,REYVOW,Oral,"50 MG, UNKNOWN",,
182439391,1,PS,REYVOW,Oral,"50 MG, UNKNOWN",1.0,0-30 d
182439391,2,C,NORCO,Unknown,"10 MG, UNKNOWN",,
182454341,1,PS,REYVOW,Unknown,"100 MG, UNKNOWN",,
182500311,1,PS,REYVOW,Unknown,"UNK UNK, UNKNOWN",,
182503191,1,PS,REYVOW,Unknown,,,
182519191,1,PS,REYVOW,Oral,?          QUANTITY:1 TABLET(S);?,1.0,0-30 d
182519191,3,C,WELLBUTRIN XL,,,,
182519191,5,C,BUSPIRONE,,,,
182519191,7,C,XANAX,,,,
182519191,9,C,LORAZEPAM.,,,,
182519191,11,C,TRAZODONE,,,,
182519191,13,C,ROBAXIN,,,,
182519191,15,C,TORADOL,,,,
182519191,17,C,AMITIZA,,,,
182519191,19,C,SPIRONOLACTONE.,,,,
182519191,21,C,OMEPRAZOLE.,,,,
182519191,23,C,PEPCID,,,,
182519191,25,C,FLONASE,,,,
182541291,1,PS,REYVOW,Unknown,,,
182549041,1,PS,REYVOW,,"1 DOSAGE FORM, UNKNOWN",,
182591811,1,PS,REYVOW,Unknown,,,
182639301,1,PS,REYVOW,,,1.0,0-30 d
182643832,1,PS,REYVOW,Unknown,"100 MG, UNKNOWN",,
182643832,2,SS,REYVOW,Unknown,50 UNK,,
182645751,1,PS,REYVOW,Unknown,"100 MG, UNKNOWN",,
182693921,1,PS,REYVOW,,,,
182697501,1,PS,REYVOW,Unknown,"UNK UNK, UNKNOWN",,
182713571,1,PS,REYVOW,Unknown,"UNK, UNKNOWN",,
182725551,1,PS,REYVOW,Unknown,"UNK UNK, UNKNOWN",,
182725551,2,SS,EMGALITY,Unknown,"120 MG, UNKNOWN",,
182753061,1,PS,REYVOW,Unknown,,,
182753071,1,PS,REYVOW,Unknown,,,
182845761,1,PS,REYVOW,Unknown,,,
182888141,1,PS,REYVOW,Unknown,"100 MG, UNKNOWN",,
183079921,1,PS,REYVOW,Unknown,"UNK, MONTHLY (1/M)",,
183079921,2,SS,EMGALITY,Unknown,"UNK, MONTHLY (1/M)",,
183079921,3,SS,BOTOX,Unknown,"UNK, UNKNOWN",,
183079921,4,SS,TOPAMAX,Unknown,"200 MG, DAILY",,
183129831,1,PS,REYVOW,Oral,"100 MG, UNKNOWN",,
183132261,1,PS,REYVOW,Unknown,,,
183221411,1,PS,REYVOW,Unknown,"UNK, UNKNOWN",,
183221411,2,C,SUMATRIPTAN.,,,,
183221411,3,C,MEDROL,,,,
183253901,1,PS,REYVOW,Oral,"100 MG, UNKNOWN",,
179911592,1,PS,REYVOW,Unknown,,,
180227152,1,PS,REYVOW,Unknown,"100 MG, UNKNOWN",,
182731502,1,PS,REYVOW,Oral,"1 DOSAGE FORM, UNKNOWN",,
182731502,2,SS,EMGALITY,Unknown,"1 DOSAGE FORM, UNKNOWN",,
182731502,3,C,DEPAKOTE,Unknown,"1 DOSAGE FORM, UNKNOWN",,
183216593,1,PS,REYVOW,Oral,"50 MG, UNKNOWN",,
183350131,1,PS,REYVOW,Unknown,"UNK, UNKNOWN",,
183351771,1,PS,REYVOW,Unknown,50 MG,,
183361571,1,PS,REYVOW,Unknown,,,
183363061,1,PS,REYVOW,Unknown,"1 DOSAGE FORM, UNKNOWN",,
183363602,1,PS,REYVOW,Oral,"100 MG, UNKNOWN",,
183366941,1,PS,REYVOW,Unknown,"UNK UNK, UNKNOWN",,
183383951,1,PS,REYVOW,Unknown,"100 MG, UNKNOWN",,
183389161,1,PS,REYVOW,Unknown,"UNK, UNKNOWN",,
183398151,1,PS,REYVOW,Unknown,"50 MG, UNKNOWN",,
183447451,1,PS,REYVOW,Unknown,100 MG,,
183447451,2,C,ZOMIG,Unknown,,,
183447451,3,C,ALEVE,Unknown,,,
183454991,1,PS,REYVOW,Unknown,"100 MG, UNKNOWN",1.0,0-30 d
183455761,1,PS,REYVOW,Unknown,"50 MG, UNKNOWN",,
183457241,1,PS,REYVOW,Unknown,"100 MG, UNKNOWN",,
183457251,1,PS,REYVOW,Unknown,100 MG,,
183464531,1,PS,REYVOW,Unknown,,,
183467151,1,PS,REYVOW,Unknown,,,
183505841,1,PS,REYVOW,Unknown,"UNK, UNKNOWN",,
183510951,1,PS,REYVOW,Unknown,200 MG,,
183516702,1,PS,REYVOW,Oral,,,
183521491,1,PS,REYVOW,Unknown,"50 MG, UNKNOWN",,
183521491,2,SS,REYVOW,Unknown,"100 MG, UNKNOWN",,
183521631,1,PS,REYVOW,Unknown,"UNK, UNKNOWN",,
183553691,1,PS,REYVOW,Unknown,"UNK, UNKNOWN",,
183553691,2,SS,EMGALITY,Unknown,"UNK, UNKNOWN",,
183553691,3,SS,EMGALITY,Unknown,"UNK, UNKNOWN",,
183553691,4,C,RIMEGEPANT.,Unknown,"UNK, UNKNOWN",,
183615221,1,PS,REYVOW,Unknown,,,
183620661,1,PS,REYVOW,Unknown,,,
183668341,1,PS,REYVOW,Unknown,"100 MG, UNKNOWN",1.0,0-30 d
183668951,1,PS,REYVOW,Unknown,"UNK, UNKNOWN",,
183671491,1,PS,REYVOW,Unknown,,,
183774791,1,PS,REYVOW,Unknown,"UNK, UNKNOWN",,
183883901,1,PS,REYVOW,Oral,"100 MG, OTHER",,
184054681,1,PS,REYVOW,Unknown,"50 MG, UNKNOWN",,
184266591,1,PS,REYVOW,Unknown,"UNK, SINGLE",,
184274671,1,PS,REYVOW,Unknown,"UNK, UNKNOWN",,
184280371,1,PS,REYVOW,Unknown,,,
184285231,1,PS,REYVOW,Unknown,100 MG,,
184285231,2,SS,REYVOW,Unknown,50 MG,,
184286831,1,PS,REYVOW,Unknown,100 MG,,
184363331,1,PS,REYVOW,Unknown,,,
184379611,1,PS,REYVOW,Oral,"100 MG, UNKNOWN",,
184389591,1,PS,REYVOW,Unknown,100 MG,,
184389591,2,C,PROPRANOLOL,Unknown,,,
184397601,1,PS,REYVOW,Unknown,"UNK, UNKNOWN",,
184407761,1,PS,REYVOW,Unknown,"100 MG, UNKNOWN",1.0,0-30 d
184540211,1,PS,REYVOW,Unknown,100 MG,,
184542431,1,PS,REYVOW,Unknown,"UNK, UNKNOWN",,
184546671,1,PS,REYVOW,Unknown,"100 MG, UNKNOWN",,
184546711,1,PS,REYVOW,Unknown,"100 MG, OTHER",,
184552911,1,PS,REYVOW,Unknown,"1 DOSAGE FORM, UNKNOWN",,
184582661,1,PS,REYVOW,Unknown,,,
184587681,1,PS,REYVOW,Unknown,UNK DOSAGE FORM,,
184588731,1,PS,REYVOW,Unknown,"1 DOSAGE FORM, UNKNOWN",,
184590491,1,PS,REYVOW,,,,
184590571,1,PS,REYVOW,Unknown,"50 MG, UNKNOWN",,
184648041,1,PS,REYVOW,Unknown,,,
184701681,1,PS,REYVOW,Unknown,100 MG,1.0,0-30 d
184701681,2,C,PROVIGIL,Unknown,,,
184701681,3,C,GALCANEZUMAB,Unknown,"120 MG, MONTHLY (1/M)",233.0,181-360 d
184734261,1,PS,REYVOW,Unknown,"100 MG, OTHER",,
184744781,1,PS,REYVOW,Unknown,"1 DOSAGE FORM, UNKNOWN",,
184755051,1,PS,REYVOW,Unknown,,,
184756861,1,PS,REYVOW,Oral,,,
184778911,1,PS,REYVOW,Unknown,"100 MG, UNKNOWN",,
184804451,1,PS,REYVOW,Unknown,"1 DOSAGE FORM, UNKNOWN",,
184819071,1,PS,REYVOW,Unknown,"UNK UNK, UNKNOWN",,
184819071,2,C,UBROGEPANT,,,,
184821341,1,PS,REYVOW,Oral,,,
184821351,1,PS,REYVOW,Oral,"100 MG, UNKNOWN",,
184827611,1,PS,REYVOW,Unknown,100 MG,,
184858271,1,PS,REYVOW,Unknown,"1 DOSAGE FORM, UNKNOWN",,
184874371,1,PS,REYVOW,Unknown,,,
184876991,1,PS,REYVOW,Oral,,,
184876991,2,C,TRIPTAN [ZOLMITRIPTAN],Unknown,,,
184916701,1,PS,REYVOW,Subcutaneous,"100 MG, SINGLE",,
184964391,1,PS,REYVOW,Oral,"100 MG, UNKNOWN",,
185072771,1,PS,REYVOW,Unknown,,,
185131341,1,PS,REYVOW,Unknown,"100 MG, UNKNOWN",,
185136231,1,PS,REYVOW,Unknown,,,
185183781,1,PS,REYVOW,Unknown,100 MG,,
185196101,1,PS,REYVOW,Unknown,"100 MG, UNKNOWN",,
185196191,1,PS,REYVOW,Unknown,"100 MG, UNKNOWN",,
185237271,1,PS,REYVOW,Unknown,"100 MG, UNKNOWN",,
185241041,1,PS,REYVOW,,,,
185251121,1,PS,REYVOW,Unknown,,,
185251931,1,PS,REYVOW,Unknown,,,
185354931,1,PS,REYVOW,Unknown,"100 MG, UNKNOWN",1.0,0-30 d
185357381,1,PS,REYVOW,Unknown,"50 MG, UNKNOWN",,
185363771,1,PS,REYVOW,Unknown,100 MG,,
185466481,1,PS,LASMIDITAN.,Unknown,,,
185467921,1,PS,REYVOW,Unknown,"100 MG, UNKNOWN",,
185665331,1,PS,REYVOW,Unknown,"100 MG, UNKNOWN",,
185665331,2,SS,REYVOW,Unknown,50 UNK,,
185726301,1,PS,REYVOW,Unknown,"100 MG, UNKNOWN",,
185726341,1,PS,REYVOW,Unknown,"1 DOSAGE FORM, UNKNOWN",,
185815671,1,PS,REYVOW,Unknown,"UNK, UNKNOWN",,
185869161,1,PS,REYVOW,Unknown,"1 DOSAGE FORM, UNKNOWN",,
185876071,1,PS,REYVOW,Unknown,"1 DOSAGE FORM, UNKNOWN",,
185882011,1,PS,REYVOW,Oral,"50 MG, OTHER",,
185902691,1,PS,REYVOW,Unknown,"UNK UNK, UNKNOWN",,
185924951,1,PS,REYVOW,Oral,50 MG,,
185971801,1,PS,REYVOW,Unknown,"100 MG, OTHER",,
186127931,1,PS,REYVOW,Unknown,"UNK, OTHER",,
186452791,1,PS,REYVOW,Unknown,"100 MG, UNKNOWN",,
186581231,1,PS,REYVOW,Unknown,"50 MG, UNKNOWN",,
186837841,1,PS,REYVOW,Unknown,,,
186838931,1,PS,REYVOW,Unknown,,,
182694013,1,PS,REYVOW,Oral,"100 MG, SINGLE",1.0,0-30 d
182694013,2,C,XANAX,Unknown,UNK,,
182694013,3,C,AMITIZA,Unknown,UNK,,
182694013,4,C,ASPIRIN [ACETYLSALICYLIC ACID],Unknown,UNK,,
182694013,5,C,WELLBUTRIN,Unknown,UNK,,
182694013,6,C,BUSPAR,Unknown,"15 MG, TID",,
182694013,7,C,ROBAXIN,Unknown,UNK,,
182694013,8,C,CLARITIN [CLARITHROMYCIN],Unknown,UNK,,
182694013,9,C,PRILOSEC,Unknown,UNK,,
182694013,10,C,ALDACTONE,Unknown,UNK,,
182694013,11,C,AJOVY,Unknown,UNK,,
182694013,12,C,BOTOX,Unknown,UNK,,
183612012,1,PS,REYVOW,Unknown,,,
185281392,1,PS,REYVOW,Unknown,,,
185390552,1,PS,REYVOW,Unknown,"100 MG, SINGLE",,
185770152,1,PS,REYVOW,Unknown,"100 MG, UNKNOWN",,
186438302,1,PS,REYVOW,Unknown,"100 MG, UNKNOWN",,
186536442,1,PS,REYVOW,Unknown,"UNK UNK, UNKNOWN",,
186892732,1,PS,REYVOW,Unknown,100 MG,,
186962061,1,PS,REYVOW,Unknown,"100 MG, UNKNOWN",,
186964391,1,PS,REYVOW,Unknown,"100 MG, UNKNOWN",,
186977671,1,PS,REYVOW,Unknown,100 MG,,
186989741,1,PS,REYVOW,Unknown,"100 MG, UNKNOWN",,
186990511,1,PS,REYVOW,Unknown,"100 MG, UNKNOWN",,
187040121,1,PS,REYVOW,Unknown,"100 MG, PRN",,
187041351,1,PS,REYVOW,Unknown,"UNK UNK, UNKNOWN",,
187069151,1,PS,REYVOW,Unknown,"1 DOSAGE FORM, UNKNOWN",,
187076021,1,PS,REYVOW,Unknown,"50 MG, UNKNOWN",,
187076021,2,C,EMGALITY,,,,
187082041,1,PS,REYVOW,Unknown,"UNK, UNKNOWN",,
187146062,1,PS,REYVOW,Oral,"100 MG, UNKNOWN",,
187146062,2,SS,REYVOW,Oral,50 UNK,,
187146062,3,C,ALPRAZOLAM.,Oral,"0.5 MG, TID",,
187146062,4,C,DESVENLAFAXINE.,Oral,"50 MG, DAILY",,
187146062,5,C,WELLBUTRIN,Oral,"100 MG, BID",,
187146062,6,C,ONDANSETRON,Sublingual,"4 MG, BID",,
187146062,7,C,NURTEC ODT,Sublingual,"75 MG, DAILY",,
187146062,8,C,AIMOVIG,Subcutaneous,"140 MG, MONTHLY (1/M)",,
187146062,9,C,OXYCODONE,Oral,"5 MG, TID",,
187146062,10,C,ROBAXIN,Oral,"750 MG, DAILY",,
187146062,11,C,TRAMADOL.,Oral,"50 MG, BID",,
187146062,12,C,GABAPENTIN.,Oral,"100 MG, EACH MORNING",,
187146062,13,C,GABAPENTIN.,Oral,"300 MG, EACH EVENING",,
187146062,14,C,GABAPENTIN.,Oral,"200 MG, AT BEDTIME",,
187146062,15,C,SUDAFED NON?DROWSY,,"60 MG, EVERY FOUR HOURS",,
187146062,16,C,ATENOLOL.,Oral,"12.5 MG, DAILY",,
187194191,1,PS,REYVOW,Oral,,,
187194721,1,PS,REYVOW,Unknown,100 MG,,
187298321,1,PS,REYVOW,Unknown,50 MG,,
187298441,1,PS,REYVOW,Unknown,50 MG,,
187312301,1,PS,REYVOW,Unknown,"1 DOSAGE FORM, UNKNOWN",,
187315351,1,PS,LASMIDITAN 100MG,Unknown,"100 MG, UNKNOWN",,
187355441,1,PS,REYVOW,Unknown,"1 DOSAGE FORM, UNKNOWN",,
187356641,1,PS,REYVOW,Unknown,"100 MG, UNKNOWN",,
187363041,1,PS,REYVOW,Unknown,,,
187374181,1,PS,REYVOW,Unknown,"1 DOSAGE FORM, UNKNOWN",,
187374471,1,PS,REYVOW,Unknown,"1 DOSAGE FORM, UNKNOWN",,
187427481,1,PS,REYVOW,Oral,,,
187482941,1,PS,REYVOW,Unknown,"1 DOSAGE FORM, UNKNOWN",,
187486801,1,PS,REYVOW,Unknown,"1 DOSAGE FORM, UNKNOWN",,
187708931,1,PS,REYVOW,Unknown,"100 MG, OTHER",1.0,0-30 d
187721651,1,PS,REYVOW,Unknown,"1 DOSAGE FORM, UNKNOWN",1.0,0-30 d
187774961,1,PS,REYVOW,Oral,,,
187833431,1,PS,REYVOW,Unknown,"UNK UNK, UNKNOWN",,
187905291,1,PS,REYVOW,Oral,100 MG,,
187906621,1,PS,REYVOW,Oral,100 MG,,
187910831,1,PS,REYVOW,Unknown,,,
187956141,1,PS,REYVOW,Unknown,,,
187998251,1,PS,REYVOW,Unknown,,,
188023201,1,PS,REYVOW,Unknown,,,
188101631,1,PS,REYVOW,Unknown,"100 MG, OTHER",,
188102611,1,PS,REYVOW,Unknown,,,
188217291,1,PS,REYVOW,Unknown,,,
188254591,1,PS,REYVOW,Unknown,,,
188426461,1,PS,REYVOW,Unknown,,,
188487841,1,PS,REYVOW,Unknown,"100 MG, UNKNOWN",,
188534801,1,PS,REYVOW,Unknown,"UNK UNK, SINGLE",,
188534801,2,C,EMGALITY,,"UNK, UNKNOWN",,
188543881,1,PS,REYVOW,Unknown,UNK,,
188546481,1,PS,REYVOW,Unknown,"100 MG, UNKNOWN",,
188546481,2,SS,REYVOW,Unknown,"50 MG, UNKNOWN",,
188596051,1,PS,REYVOW,Unknown,"100 MG, PRN",,
188810641,1,PS,REYVOW,Unknown,,,
188874281,1,PS,REYVOW,Unknown,"100 MG, UNKNOWN",,
188878341,1,PS,REYVOW,Unknown,"100 MG, UNKNOWN",,
188995871,1,PS,REYVOW,Unknown,"UNK UNK, UNKNOWN",,
189003101,1,PS,REYVOW,Unknown,100 MG,,
189008201,1,PS,REYVOW,Unknown,"100 MG, SINGLE",,
189017271,1,PS,REYVOW,Unknown,"UNK UNK, UNKNOWN",,
189050101,1,PS,REYVOW,Oral,"100 MG, UNKNOWN",,
189056131,1,PS,REYVOW,Unknown,,,
189056131,2,C,BOTOX,Unknown,UNK,,
189057991,1,PS,REYVOW,Oral,"100 MG, UNKNOWN",,
189062291,1,PS,REYVOW,Unknown,,,
189069301,1,PS,REYVOW,Unknown,"1 DOSAGE FORM, UNKNOWN",,
189115551,1,PS,REYVOW,Unknown,"UNK, UNKNOWN",,
189130391,1,PS,REYVOW,Unknown,"100 MG, UNKNOWN",,
189134501,1,PS,REYVOW,Unknown,"100 MG, UNKNOWN",,
189170701,1,PS,REYVOW,Oral,"100 MG, UNKNOWN",,
189363091,1,PS,REYVOW,Unknown,UNK,,
189412881,1,PS,REYVOW,Unknown,"UNK, UNKNOWN",1.0,0-30 d
189461221,1,PS,REYVOW,Unknown,,,
189461232,1,PS,REYVOW,Unknown,"100 MG, UNKNOWN",,
189462931,1,PS,REYVOW,Unknown,100 MG,,
189462931,2,C,EFFEXOR,Unknown,,,
189463841,1,PS,REYVOW,Unknown,,,
189477551,1,PS,REYVOW,Unknown,"100 MG, UNKNOWN",,
189550221,1,PS,REYVOW,,"100 MG, UNKNOWN",,
189554791,1,PS,REYVOW,Unknown,,,
189664811,1,PS,REYVOW,Oral,"100 MG, UNKNOWN",,
189665901,1,PS,REYVOW,Unknown,"100 MG, UNKNOWN",,
189806111,1,PS,REYVOW,Oropharingeal,,117.0,91-120 d
189806111,2,C,MIRTAZEPINE,,,18.0,0-30 d
189806111,3,C,NORTRIPTYLINE,,,119.0,91-120 d
189806111,4,C,NADOLOL.,,,202.0,181-360 d
189806111,5,C,XARELTO,,,381.0,360 d+
189806111,6,C,APREPITANT.,,,202.0,181-360 d
189806111,7,C,FUROSEMIDE.,,,331.0,181-360 d
189806111,8,C,EMGALITY,,,291.0,181-360 d
189806111,9,C,XIFAXAN,,,386.0,360 d+
189806111,10,C,CREON,,,229.0,181-360 d
189806111,11,C,PANTOPRAZONE,,,57.0,31-60 d
189806111,12,C,SPIRONOLACTONE.,,,353.0,181-360 d
189911191,1,PS,REYVOW,Unknown,"100 MG, UNKNOWN",,
190037271,1,PS,REYVOW,Unknown,"100 MG, SINGLE",,
190048291,1,PS,REYVOW,Unknown,"UNK, UNKNOWN",,
190153932,1,PS,REYVOW,Unknown,"UNK, UNKNOWN",,
190153932,2,SS,ZOLOFT,Unknown,,,
190190401,1,PS,REYVOW,Unknown,"100 MG, UNKNOWN",,
190256411,1,PS,REYVOW,Unknown,"100 MG, UNKNOWN",,
190256431,1,PS,REYVOW,Unknown,"100 MG, UNKNOWN",,
190274991,1,PS,REYVOW,Unknown,"100 MG, UNKNOWN",1.0,0-30 d
190366211,1,PS,LASMIDITAN (LASMIDITAN 100MG TAB),Oral,?          OTHER FREQUENCY:UD;?,191.0,181-360 d
190419951,1,PS,REYVOW,Unknown,"100 MG, UNKNOWN",,
190436491,1,PS,REYVOW,Unknown,"UNK UNK, UNKNOWN",,
190436511,1,PS,REYVOW,Unknown,"UNK, SINGLE",,
190436511,2,C,IMITREX,,,,
190436511,3,C,NARATRIPTAN,,,,
190487391,1,PS,REYVOW,Oral,"100 MG, UNKNOWN",,
190560171,1,PS,REYVOW,Oral,"100 MG, OTHER",,
190577061,1,PS,REYVOW,Unknown,"100 MG, UNKNOWN",,
190579411,1,PS,REYVOW,Unknown,"UNK, UNKNOWN",,
190584481,1,PS,REYVOW,Unknown,"100 MG, UNKNOWN",,
190589591,1,PS,REYVOW,Unknown,,,
190612351,1,PS,REYVOW,Oral,"1 DOSAGE FORM, UNKNOWN",,
190637451,1,PS,REYVOW,Oral,,,
190637451,2,C,NURTEC ODT,Unknown,UNK,,
190640521,1,PS,REYVOW,,UNK,,
190640521,2,C,RELPAX,Unknown,,,
190640521,3,C,TROKENDI XR,Unknown,,,
190644511,1,PS,REYVOW,Unknown,"100 MG, UNKNOWN",,
190644521,1,PS,REYVOW,Unknown,"100 MG, UNKNOWN",,
190645161,1,PS,REYVOW,Unknown,"100 MG, UNKNOWN",,
190646141,1,PS,REYVOW,Unknown,"UNK, UNKNOWN",,
190647651,1,PS,REYVOW,Unknown,100 MG,,
190698331,1,PS,REYVOW,Unknown,,,
190740161,1,PS,REYVOW,Unknown,"100 MG, UNKNOWN",,
190741751,1,PS,REYVOW,Unknown,,,
190741751,2,C,PROZAC,Unknown,UNK,,
190742871,1,PS,REYVOW,Unknown,"UNK UNK, UNKNOWN",,
190789541,1,PS,REYVOW,Unknown,,,
190789541,2,C,EMGALITY,Unknown,,,
190789561,1,PS,REYVOW,Unknown,,,
190802371,1,PS,REYVOW,Unknown,"100 MG, UNKNOWN",,
190802371,2,C,PROZAC,Unknown,"1 DOSAGE FORM, UNKNOWN",,
190802371,3,C,DOXEPIN,Unknown,"1 DOSAGE FORM, UNKNOWN",,
183325083,1,PS,REYVOW,Oral,"100 MG, UNKNOWN",,
183325083,2,SS,REYVOW,Unknown,"100 MG, UNKNOWN",,
183690222,1,PS,REYVOW,Oral,"1 DOSAGE FORM, UNKNOWN",,
184858072,1,PS,REYVOW,Unknown,"1 DOSAGE FORM, PRN",,
184858072,2,SS,EMGALITY,Unknown,"1 DOSAGE FORM, UNKNOWN",,
189317263,1,PS,REYVOW,Unknown,"100 MG, UNKNOWN",1.0,0-30 d
189700672,1,PS,REYVOW,Unknown,"100 MG, SINGLE",,
190633582,1,PS,REYVOW,Unknown,"50 MG, UNKNOWN",,
190844212,1,PS,REYVOW,Unknown,,,
190851091,1,PS,REYVOW,Unknown,"1 DOSAGE FORM, UNKNOWN",,
190851121,1,PS,REYVOW,Unknown,"100 MG, UNKNOWN",,
190852531,1,PS,REYVOW,Oral,"100 MG, UNKNOWN",,
190852531,2,C,BOTOX,,,,
190873931,1,PS,REYVOW,Unknown,"100 MG, UNKNOWN",,
190875662,1,PS,REYVOW,Unknown,"100 MG, UNKNOWN",,
190876691,1,PS,REYVOW,Unknown,,,
190881891,1,PS,REYVOW,Unknown,100 MG,,
190882921,1,PS,REYVOW,Unknown,100 MG,,
190922111,1,PS,REYVOW,Oral,?          QUANTITY:1 TABLET(S);?,1.0,0-30 d
190922111,2,C,BELBUCA,,,,
190922111,4,C,TUZANTIDINE,,,,
190922111,6,C,DOXEPIN,,,,
190922111,8,C,AMBIEN,,,,
190922111,10,C,AJOVY,,,,
190922111,12,C,LONDANSETRON,,,,
190922111,14,C,VITAMIN D3,,,,
190922111,16,C,MAGNESIUM,,,,
190925082,1,PS,REYVOW,Unknown,"100 MG, UNKNOWN",1.0,0-30 d
190925141,1,PS,REYVOW,Unknown,"100 MG, UNKNOWN",,
190941301,1,PS,REYVOW,Unknown,"UNK, UNKNOWN",,
190941301,2,C,ZOLOFT,Unknown,"100 MG, UNKNOWN",,
190985412,1,PS,REYVOW,Unknown,"UNK UNK, UNKNOWN",,
190986522,1,PS,REYVOW,Unknown,"100 MG, UNKNOWN",,
190989341,1,PS,REYVOW,Unknown,"UNK, UNKNOWN",,
190990651,1,PS,REYVOW,Unknown,"UNK UNK, UNKNOWN",,
190990681,1,PS,REYVOW,Unknown,"100 MG, UNKNOWN",,
191058421,1,PS,REYVOW,Unknown,"UNK UNK, UNKNOWN",,
191074491,1,PS,LASMIDITAN(LASMIDITAN 100MG TAB),Oral,?          OTHER FREQUENCY:PRN;?,88.0,61-90 d
191133831,1,PS,REYVOW,Unknown,"100 MG, UNKNOWN",,
191142151,1,PS,REYVOW,Unknown,"UNK, UNKNOWN",,
191224771,1,PS,REYVOW,Unknown,"100 MG, UNKNOWN",,
191231931,1,PS,REYVOW,Unknown,,,
191231931,2,C,UBRELVY,Unknown,,,
191231931,3,C,NURTEC ODT,Unknown,,,
191232791,1,PS,REYVOW,Unknown,,,
191240451,1,PS,REYVOW,Unknown,"1 DOSAGE FORM, UNKNOWN",,
191350851,1,PS,REYVOW,Unknown,"100 MG, UNKNOWN",,
191352371,1,PS,REYVOW,Oral,"100 MG, SINGLE",,
191358801,1,PS,REYVOW,Unknown,"UNK UNK, UNKNOWN",,
191361691,1,PS,REYVOW,Unknown,"1 DOSAGE FORM, UNKNOWN",,
191364721,1,PS,REYVOW,Unknown,"1 DOSAGE FORM, UNKNOWN",,
191364721,2,I,TRINTELLIX,Unknown,"1 DOSAGE FORM, UNKNOWN",,
191367921,1,PS,REYVOW,Unknown,,,
191367942,1,PS,REYVOW,Oral,"100 MG, PRN",,
191367942,2,SS,REYVOW,Oral,"200 MG, PRN",,
191367942,3,C,EMGALITY,,,,
191367942,4,C,NURTEC ODT,,,,
191367942,5,C,ZOFRAN,,,,
191367942,6,C,SUMATRIPTAN.,,,,
191367942,7,C,EFFEXOR,,,,
191367942,8,C,MG [MAGNESIUM],,,,
191367942,9,C,VITAMIN B2,,,,
191367942,10,C,COENZYME Q10,,,,
191473202,1,PS,REYVOW,Unknown,"100 MG, SINGLE",,
191478191,1,PS,REYVOW,Unknown,"UNK, UNKNOWN",,
191563921,1,PS,REYVOW,Oral,"100 MG, UNKNOWN",,
191600231,1,PS,REYVOW,Unknown,"100 MG, UNKNOWN",,
191703951,1,PS,REYVOW,Unknown,"100 MG, UNKNOWN",,
191714941,1,PS,LASMIDITAN (LASMIDITAN 50MG TAB),Oral,,27.0,0-30 d
191778741,1,PS,REYVOW,Unknown,"UNK UNK (CUT THE SAMPLE IN HALF AND TOOK HALF OF THE SAMPLE PILL), UNKNOWN",,
191800081,1,PS,REYVOW,Unknown,"200 MG, UNKNOWN",,
191862181,1,PS,REYVOW,Oral,"100 MG, UNKNOWN",,
191862181,2,C,EMGALITY,Subcutaneous,"120 MG, UNKNOWN",,
191874811,1,PS,REYVOW,Unknown,"100 MG, UNKNOWN",1.0,0-30 d
191878721,1,PS,REYVOW,Unknown,"UNK UNK, UNKNOWN",,
191890021,1,PS,REYVOW,Unknown,"UNK UNK, UNKNOWN",,
191890902,1,PS,REYVOW,Oral,"200 MG, SINGLE",,
191902291,1,PS,REYVOW,Unknown,"UNK UNK, UNKNOWN",,
191968671,1,PS,REYVOW,Unknown,"100 MG, UNKNOWN",,
191968671,2,SS,REYVOW,Unknown,"50 MG, UNKNOWN",,
192070611,1,PS,REYVOW,Unknown,"UNK UNK, UNKNOWN",,
192089942,1,PS,REYVOW,Unknown,"100 MG, UNKNOWN",,
192113892,1,PS,REYVOW,Unknown,"UNK UNK, UNKNOWN",,
192143782,1,PS,REYVOW,Unknown,"100 MG, UNKNOWN",,
192143782,2,C,OXYCODONE,,,,
192197671,1,PS,REYVOW,Unknown,"UNK UNK, UNKNOWN",,
192217491,1,PS,REYVOW,Unknown,"0.5 DOSAGE FORM, PRN",,
192242031,1,PS,REYVOW,Unknown,"UNK UNK, UNKNOWN",,
192267561,1,PS,REYVOW,Unknown,"100 MG, UNKNOWN",,
192273391,1,PS,REYVOW,Oral,"100 MG, UNKNOWN",,
192273401,1,PS,REYVOW,Unknown,"100 MG, UNKNOWN",,
192273412,1,PS,REYVOW,Unknown,"200 MG, UNKNOWN",,
192314302,1,PS,REYVOW,Unknown,"100 MG, UNKNOWN",,
192314441,1,PS,REYVOW,Unknown,"100 MG, UNKNOWN",,
192343031,1,PS,REYVOW,Unknown,"200 MG, UNKNOWN",,
192351112,1,PS,REYVOW,Unknown,"100 MG, UNKNOWN",,
192358622,1,PS,REYVOW,Unknown,"UNK UNK, UNKNOWN",1.0,0-30 d
192367302,1,PS,REYVOW,Unknown,"100 MG, UNKNOWN",,
192398851,1,PS,REYVOW,Unknown,"100 MG, UNKNOWN",,
192398921,1,PS,REYVOW,Unknown,"100 MG, UNKNOWN",,
192414681,1,PS,REYVOW,Unknown,"200 MG, SINGLE",1.0,0-30 d
192430601,1,PS,REYVOW,Unknown,"100 MG, UNKNOWN",,
192433291,1,PS,REYVOW,Unknown,"100 MG, SINGLE",1.0,0-30 d
192442871,1,PS,REYVOW,Oral,"100 MG, UNKNOWN",,
192444821,1,PS,REYVOW,Unknown,"100 MG, UNKNOWN",,
192444821,2,SS,REYVOW,Unknown,"200 MG, UNKNOWN",,
192470481,1,PS,REYVOW,Unknown,"100 MG, UNKNOWN",,
192496051,1,PS,REYVOW,Unknown,"100 MG, UNKNOWN",,
192496471,1,PS,REYVOW,Unknown,"100 MG, UNKNOWN",,
192496471,2,C,NIZATIDINE.,,,,
192496471,3,C,TRAZODONE,,,,
192519361,1,PS,REYVOW,Unknown,"100 MG, UNKNOWN",,
192538791,1,PS,REYVOW,Unknown,"UNK UNK, UNKNOWN",,
192544371,1,PS,REYVOW,Unknown,"100 MG, UNKNOWN",,
192564801,1,PS,REYVOW,Unknown,"100 MG, UNKNOWN",,
192564821,1,PS,REYVOW,Unknown,"100 MG, UNKNOWN",,
192576801,1,PS,REYVOW,Unknown,"50 MG, UNKNOWN",,
192619361,1,PS,REYVOW,Unknown,"100 MG, BEFORE BED",,
192807631,1,PS,REYVOW,Unknown,"100 MG, UNKNOWN",1.0,0-30 d
192841251,1,PS,REYVOW,Unknown,"UNK UNK, UNKNOWN",,
192879461,1,PS,REYVOW,Unknown,"UNK, UNKNOWN",,
192908441,1,PS,REYVOW,Unknown,"UNK UNK, UNKNOWN",,
192915051,1,PS,REYVOW,Unknown,"UNK UNK, UNKNOWN",,
192915051,2,SS,RIZATRIPTAN.,Unknown,"UNK UNK, UNKNOWN",,
193055241,1,PS,REYVOW,Unknown,"100 MG, UNKNOWN",,
193212931,1,PS,REYVOW,Unknown,"100 MG, UNKNOWN",1.0,0-30 d
193212931,2,C,MAXALT,,,,
193566661,1,PS,REYVOW,Oral,"100 MG, UNKNOWN",,
193566661,2,C,EXCEDRIN MIGRAINE,,UNK,,
193579331,1,PS,REYVOW,Unknown,"100 MG, UNKNOWN",,
193716221,1,PS,REYVOW,Unknown,"100 MG, UNKNOWN",,
193747331,1,PS,REYVOW,Unknown,"100 MG, UNKNOWN",,
193992201,1,PS,REYVOW,Unknown,"100 MG, UNKNOWN",,
194047481,1,PS,REYVOW,Unknown,"100 MG, UNKNOWN",,
194047551,1,PS,REYVOW,Unknown,"100 MG, UNKNOWN",,
194051841,1,PS,REYVOW,Unknown,"100 MG, UNKNOWN",,
194104651,1,PS,REYVOW,Oral,?          QUANTITY:2 TABLET(S);?,,
194153782,1,PS,REYVOW,Oral,"100 MG, UNKNOWN",,
194157412,1,PS,REYVOW,Oral,"100 MG, UNKNOWN",,
194160422,1,PS,REYVOW,Oral,"100 MG, UNKNOWN",,
194163061,1,PS,REYVOW,Oral,"100 MG, UNKNOWN",,
194163072,1,PS,REYVOW,Oral,"100 MG, UNKNOWN",,
194163222,1,PS,REYVOW,Oral,"100 MG, UNKNOWN",,
194182621,1,PS,REYVOW,Unknown,"100 MG, UNKNOWN",,
194209801,1,PS,REYVOW,Unknown,"UNK UNK, UNKNOWN",,
194219861,1,PS,REYVOW,Unknown,"100 MG, UNKNOWN",8.0,0-30 d
194413431,1,PS,REYVOW,Unknown,"100 MG, UNKNOWN",1.0,0-30 d
194413431,2,C,VYVANSE,,,,
194413431,3,C,PRISTIQ EXTENDED?RELEASE,,,,
194413431,4,C,ZOFRAN,,,,
194428941,1,PS,REYVOW,Oral,?          QUANTITY:1 CAPSULE(S);?,2.0,0-30 d
194428941,3,C,ATIVAN,,,,
194428941,5,C,RIZATRIPTAN.,,,,
194428941,7,C,LIDOCAINE.,,,,
194428941,9,C,JULEBER,,,,
194428941,11,C,LORATIDINE,,,,
194428941,13,C,MAGNESIUM GLYCINATE,,,,
194428941,15,C,METHYL?FOLATE,,,,
194428941,17,C,METHYL B?12,,,,
194428941,19,C,SUPER K,,,,
194428941,21,C,SOLGAR,,,,
194428941,23,C,OMEGA?3 ACIDS,,,,
194428941,25,C,BORON,,,,
194428941,27,C,VITALITY CALCIUM COMPLEX,,,,
194428941,29,C,SUPER LYSINE,,,,
194428941,31,C,VITAMIN D3,,,,
194465511,1,PS,REYVOW,Unknown,"100 MG, UNKNOWN",1.0,0-30 d
194620171,1,PS,REYVOW,Oral,"UNK UNK, UNKNOWN",,
194620761,1,PS,REYVOW,Oral,"UNK UNK, UNKNOWN",,
194662942,1,PS,REYVOW,Unknown,"UNK UNK, UNKNOWN",,
194666392,1,PS,REYVOW,Unknown,"UNK UNK, UNKNOWN",,
194757421,1,PS,REYVOW,Unknown,"UNK UNK, UNKNOWN",,
194790211,1,PS,REYVOW,Unknown,"100 MG, UNKNOWN",,
189740642,1,PS,REYVOW,Oral,"100 MG, PRN",,
189740642,2,C,BOTOX,,,,
189740642,3,C,EMGALITY,Subcutaneous,"120 MG, UNKNOWN",,
189740642,4,C,MONTELUKAST,Oral,"10 MG, UNKNOWN",,
189740642,5,C,RIZATRIPTAN.,Oral,"10 MG, UNKNOWN",,
189740642,6,C,UBRELVY,Oral,"100 MG, UNKNOWN",,
189740642,7,C,CAMBIA,Oral,"50 MG, UNKNOWN",,
190637463,1,PS,LASMIDITAN.,Unknown,"100 MG, UNKNOWN",,
190810022,1,PS,REYVOW,Oral,"100 MG, TID",,
190810022,2,SS,REYVOW,Oral,"100 MG, DAILY",,
190810022,3,SS,AMBIEN,Unknown,"UNK, PRN",,
190810022,4,C,ATIVAN,Unknown,"UNK, PRN",,
190810022,5,C,ZOMIG,Unknown,"UNK UNK, PRN",,
190810022,6,C,PAXIL,Unknown,"UNK, UNKNOWN",,
190810022,7,C,ZOFRAN,Unknown,"UNK, PRN",,
191242013,1,PS,REYVOW,Oral,"100 MG, UNKNOWN",,
192908403,1,PS,REYVOW,Unknown,"UNK UNK, UNKNOWN",,
192950582,1,PS,REYVOW,Unknown,"100 MG, UNKNOWN",,
192950582,2,C,SUBOXONE,,,,
193992012,1,PS,REYVOW,Oral,"50 MG, UNKNOWN",,
194050192,1,PS,REYVOW,Unknown,"50 MG, UNKNOWN",,
194065632,1,PS,REYVOW,Unknown,"UNK UNK, UNKNOWN",1.0,0-30 d
194065632,2,SS,EMGALITY,Unknown,"UNK, UNKNOWN",,
194850071,1,PS,REYVOW,Oral,"100 MG, UNKNOWN",,
194853771,1,PS,REYVOW,Unknown,"UNK UNK, UNKNOWN",,
194895472,1,PS,REYVOW,Oral,"100 MG, UNKNOWN",,
194904391,1,PS,REYVOW,Unknown,"UNK UNK, UNKNOWN",,
194905731,1,PS,REYVOW,Unknown,"100 MG, UNKNOWN",,
194905731,2,SS,REYVOW,Unknown,"50 MG, UNKNOWN",,
194907061,1,PS,REYVOW,Unknown,"100 MG, UNKNOWN",,
194954651,1,PS,REYVOW,Unknown,"100 MG, UNKNOWN",,
195003562,1,PS,REYVOW,Oral,"100 MG, UNKNOWN",,
195003562,2,C,MARIJUANA,,,,
195061431,1,PS,REYVOW,Unknown,"100 MG, UNKNOWN",,
195172311,1,PS,REYVOW,Unknown,"100 MG, UNKNOWN",,
195210761,1,PS,REYVOW,Unknown,"50 MG, UNKNOWN",,
195210761,2,C,TOPIRAMATE.,,,,
195284221,1,PS,REYVOW,Unknown,"UNK, UNKNOWN",,
195401262,1,PS,REYVOW,Unknown,"50 MG, UNKNOWN",,
195582511,1,PS,REYVOW,Unknown,"100 MG, UNKNOWN",,
195582511,2,SS,EMGALITY,Subcutaneous,"120 MG, UNKNOWN",126.0,121-150 d
195595111,1,PS,REYVOW,Unknown,"100 MG, UNKNOWN",1.0,0-30 d
195595111,2,SS,EMGALITY,Unknown,"120 MG, UNKNOWN",17.0,0-30 d
195870841,1,PS,REYVOW,Oral,"UNK UNK, UNKNOWN",,
195902601,1,PS,REYVOW,Unknown,"100 MG, UNKNOWN",2.0,0-30 d
195902601,2,SS,REYVOW,Unknown,"50 MG, UNKNOWN",,
195928282,1,PS,REYVOW,Oral,"50 MG, SINGLE",,
195968771,1,PS,REYVOW,Unknown,"UNK UNK, UNKNOWN",,
196019721,1,PS,REYVOW,Unknown,"100 MG, SINGLE",1.0,0-30 d
196061651,1,PS,REYVOW,Unknown,"100 MG, UNKNOWN",,
196062731,1,PS,REYVOW,Oral,"100 MG, UNKNOWN",1.0,0-30 d
196248131,1,PS,REYVOW,Unknown,"100 MG, UNKNOWN",1.0,0-30 d
196248131,2,C,NUVARING,,,,
196256682,1,PS,REYVOW,Unknown,"100 MG, UNKNOWN",,
196262381,1,PS,REYVOW,Unknown,"100 MG, UNKNOWN",,
196262381,2,C,TYLENOL,,,,
196329241,1,PS,REYVOW,Unknown,"UNK UNK, UNKNOWN",,
196330211,1,PS,REYVOW,Unknown,"UNK UNK, UNKNOWN",,
196330251,1,PS,REYVOW,Unknown,"UNK UNK, UNKNOWN",,
196386241,1,PS,REYVOW,Unknown,"100 MG, UNKNOWN",,
196386241,2,C,VYEPTI,,,,
196390261,1,PS,REYVOW,Unknown,"UNK UNK, UNKNOWN",,
196468081,1,PS,REYVOW,Unknown,"100 MG, SINGLE",,
196468081,2,C,DOXYCYCLINE.,,,,
196468081,3,C,REGLAN,,,,
196544331,1,PS,REYVOW,Unknown,"100 MG, UNKNOWN",,
196655531,1,PS,REYVOW,Unknown,"UNK UNK, UNKNOWN",,
196670391,1,PS,REYVOW,Unknown,"UNK UNK, UNKNOWN",,
196670391,2,SS,EMGALITY,Unknown,"UNK UNK, UNKNOWN",121.0,121-150 d
196676601,1,PS,REYVOW,Unknown,"200 MG, UNKNOWN",1.0,0-30 d
196757971,1,PS,REYVOW,Unknown,"100 MG, UNKNOWN",,
196770752,1,PS,REYVOW,Oral,"100 MG, UNKNOWN",,
196770752,2,SS,REYVOW,Oral,"100 MG, UNKNOWN",,
196770752,3,C,UBRELVY,,,,
196777381,1,PS,REYVOW,Unknown,"100 MG, UNKNOWN",,
196948121,1,PS,REYVOW,Unknown,"UNK UNK, UNKNOWN",,
197024981,1,PS,REYVOW,Unknown,"UNK UNK, UNKNOWN",,
197040751,1,PS,REYVOW,Unknown,"100 MG, UNKNOWN",,
197076331,1,PS,REYVOW,Unknown,"100 MG, UNKNOWN",1.0,0-30 d
197218611,1,PS,REYVOW,Unknown,"100 MG, UNKNOWN",,
197237932,1,PS,REYVOW,Unknown,"100 MG, UNKNOWN",,
197241501,1,PS,REYVOW,Unknown,"100 MG, UNKNOWN",,
197289561,1,PS,REYVOW,Unknown,"100 MG, UNKNOWN",,
197290941,1,PS,REYVOW,Unknown,"UNK UNK, UNKNOWN",,
197291611,1,PS,REYVOW,Unknown,"100 MG, UNKNOWN",,
197442361,1,PS,REYVOW,Unknown,"100 MG, UNKNOWN",,
197478521,1,PS,REYVOW,Oral,"100 MG, UNKNOWN",,
197479721,1,PS,REYVOW,Oral,"100 MG, UNKNOWN",,
197482261,1,PS,REYVOW,Unknown,"100 MG, UNKNOWN",,
197515871,1,PS,REYVOW,Unknown,"100 MG, UNKNOWN",,
197530011,1,PS,REYVOW,Oral,"100 MG, UNKNOWN",,
197531701,1,PS,REYVOW,Unknown,"100 MG, UNKNOWN",1.0,0-30 d
197531701,2,C,ZARAH,,,,
197651931,1,PS,REYVOW,Unknown,"UNK UNK, UNKNOWN",,
197653801,1,PS,REYVOW,Unknown,"UNK UNK, UNKNOWN",,
197677731,1,PS,REYVOW,Unknown,"UNK UNK, UNKNOWN",,
197729951,1,PS,REYVOW,Unknown,"100 MG, UNKNOWN",,
197732021,1,PS,REYVOW,Unknown,"UNK UNK, UNKNOWN",,
197938341,1,PS,REYVOW,Unknown,"50 MG, UNKNOWN",,
197995831,1,PS,REYVOW,Unknown,"50 MG, UNKNOWN",,
197997181,1,PS,REYVOW,Unknown,"50 MG, UNKNOWN",,
198134281,1,PS,LASMIDITAN (LASMIDITAN 50MG TAB),Oral,,43.0,31-60 d
198164082,1,PS,REYVOW,Unknown,"100 MG, UNKNOWN",,
198312491,1,PS,REYVOW,Unknown,"UNK UNK, UNKNOWN",,
198312511,1,PS,REYVOW,Unknown,"UNK UNK, UNKNOWN",,
198345001,1,PS,REYVOW,Unknown,"UNK UNK, UNKNOWN",,
198378421,1,PS,REYVOW,Unknown,"100 MG, UNKNOWN",,
198431822,1,PS,REYVOW,Unknown,"UNK UNK, UNKNOWN",,
198557381,1,PS,REYVOW,Unknown,"UNK UNK, UNKNOWN",,
198662781,1,PS,REYVOW,Unknown,"50 MG, UNKNOWN",,
198697591,1,PS,REYVOW,Unknown,"100 MG, OTHER (TWO DOSAGE)",2.0,0-30 d
198697591,2,SS,NURTEC ODT,Unknown,"UNK UNK, UNKNOWN",,
198863571,1,PS,REYVOW,Unknown,"100 MG, UNKNOWN",,
199017681,1,PS,REYVOW,Unknown,"UNK UNK, UNKNOWN",,
189699823,1,PS,REYVOW,Oral,"100 mg, unknown",,
192158742,1,PS,REYVOW,Oral,"1 dosage form, unknown",1.0,0-30 d
192158742,2,C,BUSPIRONE,Unknown,"15 mg, bid",,
192158742,3,C,MAGNESIUM OXIDE,Unknown,"25 mg, bid",,
194666312,1,PS,REYVOW,Oral,"100 mg, unknown",1.0,0-30 d
194666312,2,C,NAPROXEN,,,,
194666312,3,C,SUMATRIPTAN,,"UNK UNK, prn",,
194666312,4,C,ALBUTEROL SULFATE,,,,
194666312,5,C,LUNESTA,,,,
194666312,6,C,ZOFRAN [ONDANSETRON HYDROCHLORIDE DIHYDRATE],,,,
194666312,7,C,REGLAN,,,,
196590562,1,PS,REYVOW,Oral,"100 mg, QD, PRN",,
196590562,2,C,AIMOVIG,Unknown,"1 dosage form, monthly (1/M)",,
197494722,1,PS,REYVOW,Unknown,"UNK UNK, unknown",,
197494722,2,SS,REYVOW,Unknown,"UNK UNK, unknown",,
199175461,1,PS,REYVOW,Unknown,"100 mg, unknown",,
199175461,2,C,LAMICTAL,,,,
199175461,3,C,AMINOVIT,,,,
199175461,4,C,PHENOBARB [PHENOBARBITAL],,,,
199194131,1,PS,REYVOW,Oral,"UNK UNK, unknown",,
199194791,1,PS,REYVOW,Oral,"50 mg, unknown",,
199194791,2,SS,EMGALITY,Subcutaneous,"120 mg, unknown",,
199194791,3,SS,DIHYDROERGOTAMINE MESYLATE,Unknown,"UNK UNK, unknown",,
199194802,1,PS,REYVOW,Oral,"100 mg, prn",,
199194802,2,C,SUMATRIPTAN,,,,
199194802,3,C,PROMETHAZINE,,"50 mg, unknown",,
199194802,4,C,NURTEC ODT,,"75 mg, unknown",,
199194802,5,C,AMITRIPTYLINE,,,,
199194802,6,C,AIMOVIG,,,,
199194802,7,C,LAMICTAL,,,,
199194802,8,C,TRINTELLIX,,,,
199194802,9,C,CLONAZEPAM,,,,
199194802,10,C,XEOMIN,,,,
199229011,1,PS,REYVOW,Oral,"50 mg, unknown",,
199267221,1,PS,REYVOW,Unknown,"UNK UNK, unknown",,
199274661,1,PS,REYVOW,Oral,"100 mg, unknown",,
199274671,1,PS,REYVOW,Unknown,"UNK UNK, unknown",1.0,0-30 d
199313051,1,PS,REYVOW,Unknown,"100 mg, unknown",1.0,0-30 d
199313051,2,C,TORADOL,,,,
199313051,3,C,AMBIEN,,,,
199313071,1,PS,REYVOW,Oral,"100 mg, unknown",1.0,0-30 d
199378062,1,PS,REYVOW,Unknown,"100 mg, unknown",,
199378071,1,PS,REYVOW,Unknown,"100 mg, unknown",,
199381201,1,PS,REYVOW,Unknown,"50 mg, unknown",8.0,0-30 d
199382071,1,PS,REYVOW,Unknown,"100 mg, daily",,
199406673,1,PS,REYVOW,Unknown,"100 mg, unknown",,
199406673,2,C,NORCO,,UNK,,
199406673,3,C,NORCO,,,,
199406673,4,C,PENNSAID,,,,
199406673,5,C,ELIQUIS,,,,
199406673,6,C,NEURONTIN,,,,
199406711,1,PS,REYVOW,Unknown,"UNK UNK, unknown",,
199514321,1,PS,REYVOW,Unknown,"100 mg, unknown",,
199515531,1,PS,REYVOW,Unknown,"100 mg, unknown",,
199548161,1,PS,REYVOW,Unknown,"UNK UNK, unknown",,
199621111,1,PS,REYVOW,Unknown,"100 mg, unknown",,
199653231,1,PS,REYVOW,Unknown,"UNK UNK, unknown",,
199655241,1,PS,REYVOW,Unknown,"UNK UNK, unknown",,
199655241,2,C,NURTEC ODT,,,,
199730862,1,PS,REYVOW,Unknown,"50 mg, unknown",,
199770821,1,PS,REYVOW,Unknown,"100 mg, unknown",,
199812401,1,PS,REYVOW,Unknown,"50 mg, unknown",,
199813621,1,PS,REYVOW,Unknown,"UNK UNK, unknown",,
199832131,1,PS,REYVOW,Unknown,"UNK UNK, unknown",,
199832261,1,PS,REYVOW,Unknown,"UNK UNK, unknown",,
199900552,1,PS,REYVOW,Unknown,"50 mg, unknown (at night)",,
199900552,2,C,NURTEC ODT,,,,
199900552,3,C,TYLENOL,,,,
199900552,4,C,COVID-19 VACCINE,,,,
199900552,5,C,UBRELVY,,,,
200027811,1,PS,REYVOW,Unknown,"UNK UNK, unknown",,
200111311,1,PS,REYVOW,Unknown,"UNK UNK, unknown",,
200175751,1,PS,REYVOW,Unknown,"UNK UNK, unknown",,
200449031,1,PS,REYVOW,Unknown,"UNK UNK, unknown",,
200449031,2,C,PROZAC,,,,
200449031,3,C,PROPRANOLOL,,,,
200449031,4,C,AMITRIPTYLINE,,,,
200449031,5,C,ATIVAN,,,,
200456991,1,PS,REYVOW,Unknown,"UNK UNK, unknown",,
200457002,1,PS,REYVOW,Oral,"50 mg, unknown",,
200457381,1,PS,REYVOW,Unknown,"50 mg, prn",,
200457381,2,SS,REYVOW,Unknown,"50 mg, prn",,
200457921,1,PS,REYVOW,Unknown,"100 mg, unknown",,
200457921,2,SS,EMGALITY,Unknown,"120 mg, unknown",,
200464941,1,PS,REYVOW,Unknown,"50 mg, unknown",,
200467772,1,PS,REYVOW,Oral,"50 mg, unknown",,
200467772,2,C,IBUPROFEN,,,,
200474281,1,PS,REYVOW,Unknown,"100 mg, unknown",,
200505021,1,PS,REYVOW,Oral,"50 mg, unknown",,
200515521,1,PS,REYVOW,Unknown,"100 mg, unknown",,
200568481,1,PS,REYVOW,Unknown,"100 mg, unknown",,
200605451,1,PS,REYVOW,Unknown,"100 mg, unknown",,
200799081,1,PS,REYVOW,Unknown,"100 mg, unknown",,
200838401,1,PS,REYVOW,Unknown,"100 mg, unknown",,
200936291,1,PS,REYVOW,Unknown,"200 mg, unknown",,
200936291,2,C,AJOVY,,,,
200983421,1,PS,REYVOW,Unknown,"100 mg, unknown",,
201211941,1,PS,REYVOW,Unknown,"50 mg, unknown",,
201252991,1,PS,REYVOW,Unknown,"50 mg, unknown",,
201252991,2,SS,REYVOW,Unknown,"50 mg, unknown",,
201252991,3,SS,TORADOL,Unknown,"30 mg, unknown",,
201252991,4,C,COMPAZINE,,,,
201543601,1,PS,REYVOW,Unknown,"UNK UNK, unknown",,
201545591,1,PS,REYVOW,Unknown,"100 mg, unknown",,
201629462,1,PS,REYVOW,Unknown,"100 mg, unknown",,
201690631,1,PS,REYVOW,Unknown,"200 mg, unknown",,
201735391,1,PS,REYVOW,Unknown,"50 mg, unknown",,
190638982,1,PS,REYVOW,Oral,"200 mg, unknown",,
201711582,1,PS,REYVOW,Unknown,"UNK UNK, unknown",,
202776771,1,PS,REYVOW,Oral,"50 mg, unknown",,
203208222,1,PS,REYVOW,Unknown,"UNK UNK, unknown",,
203497221,1,PS,REYVOW,Unknown,"100 mg, unknown",,
203675681,1,PS,REYVOW,Unknown,"100 mg, unknown",,
203678211,1,PS,REYVOW,Unknown,"100 mg, unknown",,
203732201,1,PS,REYVOW,Unknown,"100 mg, unknown",,
203732212,1,PS,REYVOW,Unknown,"50 mg, unknown",,
203732791,1,PS,REYVOW,Unknown,"50 mg, unknown",,
203732801,1,PS,REYVOW,Unknown,"50 mg, unknown",,
203806501,1,PS,REYVOW,Unknown,"50 mg, unknown",,
203806501,2,C,TORADOL,,,,
203846641,1,PS,REYVOW,Oral,"100 mg, unknown",,
203891581,1,PS,REYVOW,Unknown,"50 mg, unknown",,
204085481,1,PS,REYVOW,Unknown,"UNK UNK, unknown",,
204141561,1,PS,REYVOW,Unknown,"100 mg, unknown",,
204141561,2,C,IBUPROFEN,,"800 mg, unknown",,
204513851,1,PS,REYVOW,Unknown,"UNK, unknown",,
204548911,1,PS,REYVOW,Oral,"100 mg, unknown",,
204574521,1,PS,REYVOW,Unknown,"UNK, unknown",,
204771431,1,PS,REYVOW,Unknown,"UNK UNK, unknown",,
204813231,1,PS,REYVOW,,,,
205277451,1,PS,REYVOW,Unknown,"100 mg, unknown",,
206104941,1,PS,REYVOW,Unknown,"100 mg, unknown",,
206348831,1,PS,REYVOW,Unknown,"UNK UNK, unknown",,
206349071,1,PS,REYVOW,Unknown,"100 mg, unknown",,
206469721,1,PS,REYVOW,Unknown,"100 mg, unknown",,
206548011,1,PS,REYVOW,Unknown,"100 mg, unknown",,
200305442,1,PS,REYVOW,Unknown,"50 mg, other 1/2 tablet at bedtime for 5 days",2.0,0-30 d
200305442,2,C,TOPIRAMATE,,"50 mg, daily",,
200305442,3,C,OMEPRAZOLE,,"40 mg, bid",,
200305442,4,C,WELLBUTRIN,,"300 mg, daily",,
200305442,5,C,WELLBUTRIN,,,,
200305442,6,C,LINZESS,,"145 ug, daily",,
200305442,7,C,ZYRTEC,,"UNK, daily",,
200305442,8,C,NAPROXEN,,"500 mg, prn",,
200305442,9,C,ZOFRAN,,"8 mg, prn",,
200305442,10,C,VITAMIN D3,,"UNK, daily",,
200305442,11,C,ZINC,,"UNK, daily",,
200305442,12,C,VITAMIN C,,"UNK, daily",,
200305442,13,C,RIZATRIPTAN,,"10 mg, prn",,
206561353,1,PS,REYVOW,Unknown,"100 mg, single",,
206561353,2,SS,EMGALITY,Subcutaneous,"120 mg, unknown",,
206667761,1,PS,REYVOW,Unknown,"UNK UNK, unknown",,
206943851,1,PS,REYVOW,Unknown,"100 mg, unknown",,
207009951,1,PS,REYVOW,Unknown,"100 mg, unknown",,
207009951,2,SS,REYVOW,Unknown,"50 mg, unknown",,
207010012,1,PS,REYVOW,Unknown,"100 mg, unknown",,
207323951,1,PS,REYVOW,Unknown,"100 mg, unknown",,
207375331,1,PS,REYVOW,Unknown,"100 mg, unknown",,
207443921,1,PS,REYVOW,Unknown,"100 mg, unknown",,
207482751,1,PS,REYVOW,Unknown,"100 mg, unknown",,
207514261,1,PS,REYVOW,Unknown,"UNK UNK, unknown",,
207663361,1,PS,REYVOW,Unknown,"UNK UNK, unknown",,
207663361,2,C,DEHYDROEMETINE,,,,
208165451,1,PS,REYVOW,Oral,"100 mg, unknown",,
208165451,2,SS,REYVOW,Oral,"100 mg, unknown",,
208165451,3,C,UBRELVY,,,,
208165451,4,C,QULIPTA,,,,
208309801,1,PS,REYVOW,Unknown,"UNK UNK, unknown",,
208331611,1,PS,REYVOW,Unknown,"UNK UNK, unknown",,
208372481,1,PS,REYVOW,Unknown,"100 mg, unknown",,
208590781,1,PS,REYVOW,Oral,"100 mg, unknown",,
208590781,2,C,BOTOX,,,,
208590781,3,C,UBRELVY,,,,
208590781,4,C,NURTEC ODT,,,,
208653661,1,PS,REYVOW,Unknown,"100 mg, unknown",,
209172821,1,PS,REYVOW,Unknown,"kUNK UNK, unknown",,
209222011,1,PS,REYVOW,Unknown,"50 mg, unknown",,
209222011,2,SS,REYVOW,Unknown,"100 mg, unknown",,
209222011,3,C,RIZATRIPTAN,,,,
209223801,1,PS,REYVOW,Unknown,"UNK UNK, unknown",,
209320671,1,PS,REYVOW,Unknown,"UNK UNK, unknown",,
209807791,1,PS,REYVOW,Unknown,"UNK UNK, unknown",,
210827332,1,PS,REYVOW,Oral,"100 mg, single",13.0,0-30 d
210827332,2,C,NAUZELIN,Oral,10 mg,13.0,0-30 d
210827332,3,C,RELPAX,Oral,20 mg,13.0,0-30 d
211476112,1,PS,REYVOW,Oral,50 mg,1.0,0-30 d
211476112,2,C,MAGNESIUM OXIDE,,,,
211476112,3,C,BEPOTASTINE BESYLATE,,,,
211476112,4,C,MIROGABALIN BESYLATE,Oral,"15 mg, daily",2.0,0-30 d
211476112,5,C,AMITRIPTYLINE HYDROCHLORIDE,Oral,"10 mg, daily",2.0,0-30 d
211476112,6,C,LOXONIN-60,Oral,"60 mg, bid",2.0,0-30 d
211724982,1,PS,REYVOW,Oral,"UNK, prn",1.0,0-30 d
211724982,2,C,DICLOFENAC SODIUM,,,,
211724982,3,C,REBAMIPIDE,,,,
211724982,4,C,NARATRIPTAN,,,,
211736851,1,PS,REYVOW,Unknown,"UNK UNK, unknown",,
211769842,1,PS,REYVOW,Oral,"100 mg, prn",1.0,0-30 d
211769842,2,C,DISTIGMINE BROMIDE,Unknown,UNK,1.0,0-30 d
211769842,3,C,RILUZOLE,Unknown,"50 mg, bid",,
211769842,4,C,METHYLCOBALAMIN,Unknown,"1 g, tid",,
211769842,5,C,HICEE [ASCORBIC ACID],Unknown,,,
211769842,6,C,CARBOCYSTEINE,Unknown,,,
211769842,7,C,MIYA-BM,Unknown,,,
211769842,8,C,SHAKUYAKUKANZOTO,Unknown,,,
211769842,9,C,URSO,Unknown,,,
211769842,10,C,COLCHICINE,Unknown,,,
211769842,11,C,ROPINIROLE HYDROCHLORIDE,Unknown,1 UNK,,
211769842,12,C,ALESION,Unknown,,,
211769842,13,C,LYRICA,Unknown,,,
211979021,1,PS,REYVOW,Unknown,"UNK, unknown",,
212019061,1,PS,REYVOW,Unknown,"UNK UNK, unknown",,
212129321,1,PS,REYVOW,Unknown,"UNK UNK, unknown",,
212168322,1,PS,REYVOW,Unknown,"50 mg, unknown",,
212186592,1,PS,REYVOW,Oral,"100 mg, prn",1.0,0-30 d
212186592,2,C,LOMERIZINE HYDROCHLORIDE,Oral,UNK,3840.0,360 d+
212186592,3,C,AMITRIPTYLINE HYDROCHLORIDE,Oral,UNK,1418.0,360 d+
212186592,4,C,ZOLMITRIPTAN,Oral,UNK,1418.0,360 d+
212186592,5,C,PRIMPERAN,Oral,UNK,2516.0,360 d+
212308101,1,PS,REYVOW,Oral,"100 mg, unknown",,
212549121,1,PS,REYVOW,Oral,"100 mg, unknown",,
212549141,1,PS,REYVOW,Oral,"100 mg, unknown",,
212683241,1,PS,REYVOW,Unknown,"100 mg, unknown",,
212711451,1,PS,REYVOW,Unknown,"50 mg, unknown",,
212715641,1,PS,REYVOW,Unknown,"UNK, unknown",,
212715641,2,C,EMGALITY,Subcutaneous,"120 mg, monthly (1/M)",,
213156691,1,PS,REYVOW,Unknown,"UNK UNK, unknown",,
213212951,1,PS,REYVOW,Unknown,"100 mg, unknown",,
213212951,2,SS,REYVOW,Unknown,"50 mg, unknown",,
213213561,1,PS,REYVOW,Unknown,"100 mg, unknown",,
213467671,1,PS,REYVOW,Unknown,"100 mg, unknown",,
213872001,1,PS,REYVOW,Unknown,"UNK UNK, unknown",1.0,0-30 d
213889501,1,PS,REYVOW,Unknown,"100 mg, unknown",,
213889531,1,PS,REYVOW,Unknown,"100 mg, unknown",,
210374543,1,PS,REYVOW,Oral,"100 mg, unknown",1.0,0-30 d
210711412,1,PS,REYVOW,Oral,"100 mg, single",1.0,0-30 d
213999581,1,PS,REYVOW,Unknown,"800 mg, single",,
213999581,2,SS,REYVOW,Unknown,"200 mg, unknown",,
214119051,1,PS,REYVOW,Unknown,"50 mg, unknown",,
214457411,1,PS,REYVOW,Unknown,"50 mg, unknown",,
214518691,1,PS,REYVOW,Unknown,"50 mg, unknown",,
214627551,1,PS,REYVOW,Unknown,"50 mg, unknown",,
214818671,1,PS,REYVOW,Unknown,"100 mg, unknown",,
214818671,2,SS,EMGALITY,Unknown,"120 mg, unknown",,
214818671,3,C,ALLOPURINOL,,,,
214818671,4,C,IMITREX,,,,
215051261,1,PS,REYVOW,Unknown,"UNK UNK, unknown",,
215146033,1,PS,REYVOW,Oral,"100 mg, prn",1.0,0-30 d
215146033,2,C,DULOXETINE OD,,,,
215146033,3,C,FUROSEMIDE,,,,
215146033,4,C,LANSOPRAZOLE,,,,
215146033,5,C,LOMERIZINE HYDROCHLORIDE,,,,
215146033,6,C,ACETAZOLAMIDE SODIUM,,,,
215146033,7,C,CARBAMAZEPINE,,,,
215146033,8,C,SUMATRIPTAN,,,,
215146033,9,C,METOCLOPRAMIDE,,,,
215509991,1,PS,REYVOW,Unknown,"50 mg, unknown",,
215509991,2,SS,REYVOW,Unknown,"100 mg, unknown",,
215669911,1,PS,REYVOW,Unknown,"100 mg, unknown",1.0,0-30 d
216193171,1,PS,REYVOW,Unknown,"100 mg, unknown",,
216300751,1,PS,REYVOW,Unknown,"UNK UNK, unknown",,
216300771,1,PS,REYVOW,Unknown,"100 mg, unknown",,
216514261,1,PS,REYVOW,Unknown,"100 mg, unknown",,
216648931,1,PS,REYVOW,Unknown,"UNK UNK, unknown",,
217330241,1,PS,REYVOW,Unknown,"50 mg, single",,
197984043,1,PS,REYVOW,Oral,"100 mg, prn (once a day)",,
197984043,2,SS,REYVOW,Oral,"100 mg, prn (once a day)",,
197984043,3,SS,MODERNA COVID-19 VACCINE,Unknown,"UNK UNK, unknown",,
197984043,4,C,GABAPENTIN,,"400 mg, tid",,
197984043,5,C,GABAPENTIN,,,,
197984043,6,C,MEDROL,,,,
197984043,7,C,TRAMADOL,,UNK,,
197984043,8,C,ALBUTEROL,,UNK,,
197984043,9,C,CETIRIZINE,,UNK,,
197984043,10,C,DOCUSATE,,UNK,,
197984043,11,C,LEXAPRO,,UNK,,
197984043,12,C,FLUTICASONE FUROATE\SALMETEROL XINAFOATE,,UNK,,
197984043,13,C,MAGNESIUM OXIDE,,UNK,,
197984043,14,C,MECLIZINE,,UNK,,
197984043,15,C,MINOCYCLINE,,UNK,,
197984043,16,C,MONTELUKAST,,UNK,,
197984043,17,C,OMEPRAZOLE,,UNK,,
197984043,18,C,ZOFRAN,,UNK,,
197984043,19,C,PHENERGAN,,,,
197984043,20,C,RIBOFLAVIN,,UNK,,
197984043,21,C,NURTEC ODT,,UNK,,
197984043,22,C,PROCHLORPERAZINE,,UNK,,
197984043,23,C,CLOBETASOL,,UNK,,
197984043,24,C,TACROLIMUS,,UNK,,
197984043,25,C,EPINEPHRINE,,UNK,,
213959503,1,PS,REYVOW,Oral,"50 mg, prn",1.0,0-30 d
213959503,2,C,NARATRIPTAN HYDROCHLORIDE,Oral,,,
213959503,3,C,VALPROATE SODIUM,Oral,,,
213959503,4,C,TOPIRAMATE,Oral,UNK,,
213959503,5,C,VALPROATE SODIUM,Oral,UNK,,
219042061,1,PS,REYVOW,Unknown,"100 mg, unknown",2.0,0-30 d
219074251,1,PS,REYVOW,Unknown,"50 mg, unknown",29.0,0-30 d
219275771,1,PS,REYVOW,Unknown,"100 mg, unknown",,
219336071,1,PS,REYVOW,Oral,"UNK UNK, unknown",,
220055921,1,PS,REYVOW,Oral,,1.0,0-30 d
220055921,2,C,TOPAMAX,,,,
220055921,3,C,NASACORT SID,,,,
220055921,4,C,LORATADINE,,,,
220174401,1,PS,REYVOW,Oral,"UNK UNK, unknown",,
220174401,2,C,PHENERGAN,,60 mg,,
220174401,3,C,SPIRONOLACTONE,,"50 mg, daily",,
220174401,4,C,QULIPTA,,,,
220178981,1,PS,REYVOW,Unknown,"100 mg, daily",,
220309222,1,PS,REYVOW,Unknown,"UNK UNK, unknown",,
220309222,2,SS,BOTOX,Unknown,"UNK UNK, unknown",,
220554781,1,PS,REYVOW,Unknown,"UNK UNK, unknown",,
220948761,1,PS,REYVOW,Unknown,"UNK UNK, unknown",,
221010161,1,PS,REYVOW,Unknown,"50 mg, unknown",1.0,0-30 d
221010161,2,SS,EMGALITY,Unknown,"UNK UNK, unknown",,
221089061,1,PS,REYVOW,Unknown,"UNK UNK, unknown",,
221094112,1,PS,REYVOW,Unknown,"100 mg, unknown",,
221196041,1,PS,REYVOW,Unknown,"UNK UNK, unknown",,
221396191,1,PS,REYVOW,Unknown,"100 mg, unknown",,
213656975,1,PS,REYVOW,Oral,"100 mg, prn",2.0,0-30 d
221639071,1,PS,REYVOW,Unknown,"UNK UNK, unknown",,
221883771,1,PS,REYVOW,Unknown,"UNK UNK, unknown",,
221883771,2,SS,DULOXETINE HYDROCHLORIDE,Unknown,"UNK UNK, unknown",,
221883771,3,SS,FLUOXETINE HYDROCHLORIDE,Unknown,"60 mg, unknown",,
221948571,1,PS,REYVOW,Unknown,"UNK UNK, unknown",,
221948571,2,SS,EMGALITY,Unknown,"UNK UNK, unknown",,
221948571,3,C,UBRELVY,,,,
221948571,4,C,QULIPTA,,,,
221948571,5,C,AJOVY,,,,
222211241,1,PS,REYVOW,Oral,"50 mg, unknown",,
222255521,1,PS,REYVOW,Unknown,"50 mg, unknown",,
222505451,1,PS,REYVOW,Oral,OTHER QUANTITY : 1 Tablet(s);?Frequency : Daily;?,2.0,0-30 d
222505451,2,C,LEVOTHYROXINE,,,,
222505451,3,C,LIOTHYRONINE,,,,
222505451,4,C,ASHWAGHANDA,,,,
222505451,5,C,5HTP,,,,
222794991,1,PS,REYVOW,Unknown,"100 mg, unknown",,
222795031,1,PS,REYVOW,Unknown,"100 mg, unknown",,
222821541,1,PS,REYVOW,Unknown,"100 mg, unknown",,
222916581,1,PS,REYVOW,Unknown,"50 mg, prn (8 tablet a month)",,
222916581,2,SS,PROZAC,Unknown,"20 mg, unknown",,
222916581,3,SS,PROZAC,Unknown,"60 mg, unknown",,
222940171,1,PS,REYVOW,Oral,"50 mg, unknown",,
222974201,1,PS,REYVOW,Unknown,"UNK UNK, unknown",,
222991941,1,PS,REYVOW,Unknown,"100 mg, unknown",,
223368231,1,PS,REYVOW,Unknown,"200 mg, unknown",,
223543291,1,PS,REYVOW,Unknown,"100 mg, unknown",,
223649231,1,PS,REYVOW,Unknown,"100 mg, unknown",,
223649231,2,SS,REYVOW,Unknown,"100 mg, unknown",,
223649231,3,C,VERAPAMIL,,,,
223911871,1,PS,REYVOW,Unknown,"100 mg, unknown",,
223911871,2,C,EMGALITY,,"120 mg, monthly (1/M)",,
223911871,3,C,BOTOX,,,,
223939281,1,PS,REYVOW,Unknown,"100 mg, unknown",,
226078331,1,PS,REYVOW,Oral,"100 mg, unknown",,
226277781,1,PS,REYVOW,Unknown,"100 mg, unknown",,
227972881,1,PS,REYVOW,Oral,"100 mg, unknown",1.0,0-30 d
228254401,1,PS,REYVOW,Unknown,"UNK UNK, unknown",,
228512121,1,PS,REYVOW,Oral,"UNK UNK, unknown",,
228744541,1,PS,REYVOW,Unknown,"UNK UNK, unknown",,
229100781,1,PS,REYVOW,Unknown,"100 mg, unknown",,
229147991,1,PS,REYVOW,Unknown,"100 mg, unknown",,
229148001,1,PS,REYVOW,Unknown,"100 mg, unknown",,
229039812,1,PS,REYVOW,Unknown,"UNK UNK, unknown",,
229039812,2,SS,REYVOW,,,,
229039812,3,SS,REYVOW,,,,
229039812,4,C,BOTOX,,,,
229039812,5,C,CYCLOBENZAPRINE,,,,
229039812,6,C,GABAPENTIN,,,,
229039812,7,C,HYDROXYZINE,,,,
229039812,8,C,ROSUVASTATIN,,,,
229039812,9,C,ELETRIPTAN,,,,
229039812,10,C,VASCEPA,,,,
229619773,1,PS,REYVOW,Oral,100 mg,,
231902221,1,PS,REYVOW,Oral,"UNK UNK, unknown",1.0,0-30 d
231902221,2,C,METOPROLOL,Oral,"12.5 mg, unknown",,
232478721,1,PS,REYVOW,Unknown,"UNK UNK, unknown",,
232478721,2,C,SYNTHROID,,,,
232643951,1,PS,REYVOW,Unknown,"50 mg, unknown",1.0,0-30 d
232732091,1,PS,REYVOW,Unknown,"UNK UNK, unknown",,
233428111,1,PS,REYVOW,Oral,"50 mg, unknown",,
233428111,2,SS,REYVOW,Oral,"100 mg, unknown",,
233898261,1,PS,REYVOW,Oral,"UNK UNK, unknown",,
233943211,1,PS,REYVOW,Oral,,,
234018503,1,PS,REYVOW,Oral,"100 mg, prn",,
234059761,1,PS,REYVOW,Oral,OTHER QUANTITY : 1 Tablet(s);?Frequency : As needed;?,,
234059761,2,C,RISPERDAL,,,,
234059761,3,C,DEVICE,,,,
234059761,4,C,VALPROATE,,,,
234059761,5,C,GABAPENTIN,,,,
234095301,1,PS,REYVOW,Unknown,"50 mg, other",,
234095301,2,SS,REYVOW,Unknown,"50 mg, daily",,
234095301,3,C,NARATRIPTAN,,,,
234621131,1,PS,REYVOW,Unknown,"UNK, unknown",,
234680341,1,PS,REYVOW,Oral,"50 mg, unknown",1.0,0-30 d
234914061,1,PS,REYVOW,Unknown,"UNK UNK, unknown",,
234990251,1,PS,REYVOW,Unknown,"UNK UNK, unknown",,
234990251,2,C,EMGALITY,Subcutaneous,"120 mg, monthly (1/M)",,
235479741,1,PS,REYVOW,Unknown,"100 mg, unknown",,
235734471,1,PS,REYVOW,Unknown,"50 mg, unknown",,
235734471,2,SS,REYVOW,,,,
236082711,1,PS,REYVOW,Unknown,"100 mg, unknown",,
236082711,2,SS,EMGALITY,Unknown,"120 mg, unknown",,
236144571,1,PS,REYVOW,Unknown,"UNK UNK, unknown",,
236257421,1,PS,REYVOW,Unknown,"50 mg, unknown",,
236319571,1,PS,REYVOW,Oral,OTHER QUANTITY : 1 Tablet(s);?Frequency : Daily;?,1.0,0-30 d
237433271,1,PS,REYVOW,Oral,1 TABLET AS NEEDED ORAL,175.0,151-180 d
237433271,2,C,LAMICTAL,,,,
237433271,3,C,NEUTRONTIN,,,,
237433271,4,C,WELLBUTRIN XL,,,,
237433271,5,C,VALACYCLOVIR HYDROCHLORIDE,,,,
237433271,6,C,AMBIEN,,,,
237433271,7,C,ERYTHROMYCIN,,,,
237433271,8,C,TYLENOL,,,,
237433271,9,C,ADVIL,,,,
237433271,10,C,VITAMINS,,,,
237433271,11,C,CALCIUM,,,,
237446911,1,PS,LASMIDITAN SUCCINATE,Oral,"100 mg, unknown",1.0,0-30 d
237523901,1,PS,REYVOW,Oral,"50 mg, prn",125.0,121-150 d
237523901,2,C,VALPROATE SODIUM,Oral,"400 mg, bid",3493.0,360 d+
237810102,1,PS,REYVOW,Unknown,"UNK UNK, unknown",,
237810102,2,C,AIMOVIG,Unknown,"UNK, unknown",,
237810102,3,C,TYLENOL ARTHRITIS PAIN,Unknown,"UNK, unknown",,
238046271,1,PS,REYVOW,Oral,"50 mg, single",,
238125071,1,PS,REYVOW,Unknown,"UNK UNK, unknown",,
238282971,1,PS,REYVOW,Unknown,"100 mg, unknown",,
238282971,2,SS,AIMOVIG,Unknown,"UNK, unknown",,
238321481,1,PS,LASMIDITAN SUCCINATE,Unknown,"100 mg, daily (zonodig herhalen na 2 uur. Max2 per 24u)",,
238321481,2,C,CANDESARTAN,,"8 mg, unknown",,
238321481,3,C,CLOPIDOGREL,,"75 mg, unknown",,
238321481,4,C,SIMVASTATIN,,"40 mg, unknown",,
238393632,1,PS,REYVOW,Oral,"50 mg, unknown",,
238393632,2,SS,REYVOW,Oral,"100 mg, unknown",,
239695061,1,PS,REYVOW,Unknown,"UNK UNK, unknown",,
240036491,1,PS,REYVOW,Unknown,"200 mg, unknown",,
240246711,1,PS,REYVOW,Unknown,"UNK UNK, unknown",,
237999502,1,PS,REYVOW,Oral,"100 mg, prn",,
237999502,2,SS,AIMOVIG,Unknown,"120 mg, unknown",,
238102682,1,PS,REYVOW,Oral,100 mg,1.0,0-30 d
238102682,2,C,PRASUGREL HYDROCHLORIDE,Oral,"3.75 mg, daily",567.0,360 d+
238102682,3,C,ROSUVASTATIN,Oral,"2.5 mg, daily",567.0,360 d+
238102682,4,C,LOMERIZINE HYDROCHLORIDE,Oral,"5 mg, bid",567.0,360 d+
239158543,1,PS,REYVOW,Oral,"50 mg, prn",29.0,0-30 d
239158543,2,SS,REYVOW,Oral,"100 mg, prn",25.0,0-30 d
239158543,3,C,VALPROATE SODIUM,,,,
239158543,4,C,RIZATRIPTAN OD,,,,
239158543,5,C,PRIMPERAN,,,,
239158543,6,C,LOXOPROFEN SODIUM,,,,
239158543,7,C,REBAMIPIDE,,,,
239158543,8,C,AMITRIPTYLINE HYDROCHLORIDE,,,,
239158543,9,C,INDERAL,,,,
239158543,10,C,EMGALITY,,,,
242295741,1,PS,REYVOW,Unknown,"UNK UNK, unknown",,
242597661,1,PS,REYVOW,Oral,,,
242687791,1,PS,REYVOW,,,1.0,0-30 d
242687791,2,C,MAGNESIUM,,,,
242795021,1,PS,REYVOW,Unknown,"UNK UNK, unknown",,
242795021,2,C,EMGALITY,Unknown,"UNK UNK, unknown",,
242795021,3,C,IBUPROFEN,Unknown,"UNK UNK, unknown",,
242795021,4,C,UBRELVY,Unknown,"UNK UNK, unknown",,
242795021,5,C,TYLENOL,Unknown,"UNK UNK, unknown",,
243093591,1,PS,REYVOW,Unknown,"UNK UNK, unknown",,
243093591,2,C,BOTOX,Unknown,"UNK, unknown",,
243556621,1,PS,REYVOW,Unknown,"UNK UNK, unknown",,
243556621,2,C,UBRELVY,Unknown,"UNK, unknown",,
243556621,3,C,KETOROLAC,Unknown,"UNK, unknown",,
243556621,4,C,XANAX,Unknown,"UNK, unknown",,
243556621,5,C,BOTOX,Unknown,"UNK, other (every 12 weeks)",,
242449273,1,PS,REYVOW,Oral,"50 mg, prn",,
242449273,2,SS,REYVOW,Oral,"100 mg, prn",1.0,0-30 d
242449273,3,C,VALPROATE SODIUM,Oral,"400 mg, bid",,
242449273,4,C,LOMERIZINE HYDROCHLORIDE,Oral,"5 mg, bid",,
242449273,5,C,AZELNIDIPINE\OLMESARTAN MEDOXOMIL,Oral,"1 dosage form, daily",,
242449273,6,C,CLOPIDOGREL,Oral,,,
242449273,7,C,ZYPREXA,Oral,,,
242449273,8,C,SILODOSIN OD,Oral,,,
242449273,9,C,OMEPRAZOLE,Oral,,,
242449273,10,C,ACETAMINOPHEN\TRAMADOL HYDROCHLORIDE,Oral,,,
242449273,11,C,CALCIUM CARBONATE\CHOLECALCIFEROL\MAGNESIUM CARBONATE,Unknown,,,
242449273,12,C,BRINZOLAMIDE\TIMOLOL MALEATE,Ophthalmic,,,
242449273,13,C,XALATAN,Ophthalmic,,,
242449273,14,C,RIPASUDIL HYDROCHLORIDE DIHYDRATE,Ophthalmic,,,
243816081,1,PS,REYVOW,Unknown,"50 mg, unknown",,
244092911,1,PS,REYVOW,Unknown,"100 mg, unknown",,
245582671,1,PS,REYVOW,Unknown,"50 mg, unknown",,
245582981,1,PS,REYVOW,Oral,"100 mg, unknown",,
245848032,1,PS,REYVOW,Oral,"100 mg, single",1.0,0-30 d
245848032,2,SS,SUMATRIPTAN SUCCINATE,Oral,"50 mg, prn",104.0,91-120 d
245848032,3,C,GOREISAN [ALISMA PLANTAGO-AQUATICA SUBSP. ORI,Oral,"3 g, bid",,
245848032,4,C,MELATOBEL,Oral,"3 mg, daily",,
245848032,5,C,MIDODRINE HYDROCHLORIDE,Oral,"2 mg, bid",895.0,360 d+
246075141,1,PS,REYVOW,Oral,"100 mg, prn",,
246075141,2,SS,BOTOX,Intramuscular,"200 u, other, every 3 months",,
246075141,3,SS,ELETRIPTAN,Oral,"40 mg, prn",,
246075141,4,C,AMOXICILLIN\CLAVULANATE POTASSIUM,Oral,"500 mg, bid",,
246075141,5,C,BUDESONIDE,Nasal,"1.2 mg, prn",,
246075141,6,C,PROPRANOLOL,Oral,"20 mg, bid",,
246075141,7,C,SEROQUEL,Oral,"250 mg, daily",,
246075141,8,C,CLARITIN,Oral,"10 mg, daily",,
246075141,9,C,EUFLEXXA,Other,"1 dosage form, other, 1 injection per knee for 3 weeks, every 6 months",,
246075141,10,C,HYQVIA,Subcutaneous,"UNK, monthly (1/M)",,
246075141,11,C,TRETINOIN,Topical,"0.05 %, 3/W",,
246075141,12,C,CLINDAMYCIN,Topical,"1 %, bid",,
246075141,13,C,FINACEA,Topical,"15 %, daily",,
246215061,1,PS,REYVOW,Oral,UNK,,
246215061,2,SS,CARBOCYSTEINE,Unknown,,,
246215061,3,SS,TRANEXAMIC ACID,Unknown,,,
246215061,4,SS,ACETAMINOPHEN,Unknown,,,
246215061,5,SS,AMBROXOL HYDROCHLORIDE,Unknown,,,
246215061,6,SS,DEXTROMETHORPHAN HYDROBROMIDE,Unknown,,,
246215061,7,SS,EPHEDRA SINICA STEM\HERBALS,Unknown,,,
246215061,8,SS,AMOXICILLIN,Unknown,,,
246215061,9,SS,DESLORATADINE,Unknown,,,
246215061,10,SS,MONTELUKAST SODIUM,Unknown,,,
246215061,11,SS,LOMERIZINE HYDROCHLORIDE,Unknown,,,
247270191,1,PS,REYVOW,Oral,Frequency : As needed;?,,
247270191,2,SS,BENICAR,,,,
247270191,3,SS,GABAPENTIN,,,,
247270191,4,C,TOPAMAX,,,,
247270191,5,C,ALPRAZOLAM,,,,
247270191,6,C,ACYCLOVIR,,,,
247270191,7,C,PANTPROZOLE,,,,
247270191,8,C,MAGNESIUM,,,,
247270191,9,C,VITAMIN D,,,,
247270191,10,C,FLAXSEED,,,,
248979871,1,PS,REYVOW,Unknown,"UNK UNK, unknown",,
249707301,1,PS,REYVOW,Unknown,"UNK UNK, unknown",,
249787571,1,PS,REYVOW,Unknown,"UNK UNK, unknown",,
249787571,2,C,NURTEC ODT,Unknown,"UNK, unknown",,
249955221,1,PS,REYVOW,Oral,1 TABLET DAILY ORAL ,1.0,0-30 d
249955221,2,C,"GABAPENTIN, ",,,,
249955221,3,C,ROPINIROLE,,,,
249955221,4,C,CLONAZEPAM,,,,
249955221,5,C,"VRAYLAR, ",,,,
249955221,6,C,"LOSARTAN, ",,,,
249955221,7,C,"LEXAPRO,",,,,
249955221,8,C," QUILIPTA, ",,,,
249955221,9,C,"PROPANOLOL, ",,,,
249955221,10,C,"AMITRIPTYLINE, ",,,,
249955221,11,C,"PRAZOSIN, ",,,,
249955221,12,C,"TOPIRIMATE,",,,,
249955221,13,C,"OXCARBAZEPINE, ",,,,
249955221,14,C,NURTEC ODT,,,,
249955221,15,C,"MAGNESIUM, ",,,,
249955221,16,C,PEPCID,,,,
251197981,1,PS,REYVOW,Unknown,"UNK UNK, unknown",,
251319121,1,PS,REYVOW,Oral,"100 mg, prn",,
251319121,2,SS,REYVOW,Oral,"100 mg, prn",,
