﻿primaryid,indi_drug_seq,indi_pt,caseid
174315911,1,PRODUCT USED FOR UNKNOWN INDICATION,17431591.0
174645941,1,PRODUCT USED FOR UNKNOWN INDICATION,17464594.0
174697081,1,MIGRAINE,17469708.0
174697081,2,MIGRAINE PROPHYLAXIS,17469708.0
174699341,1,MIGRAINE,17469934.0
174700321,1,MIGRAINE,17470032.0
174925171,1,HEADACHE,17492517.0
174966831,1,MIGRAINE,17496683.0
174975301,1,PRODUCT USED FOR UNKNOWN INDICATION,17497530.0
174980431,1,PRODUCT USED FOR UNKNOWN INDICATION,17498043.0
175009961,1,PRODUCT USED FOR UNKNOWN INDICATION,17500996.0
175103161,1,MIGRAINE,17510316.0
175155171,1,MIGRAINE,17515517.0
175178201,1,PRODUCT USED FOR UNKNOWN INDICATION,17517820.0
175280201,1,MIGRAINE,17528020.0
175310581,1,MIGRAINE,17531058.0
175310581,2,PRODUCT USED FOR UNKNOWN INDICATION,17531058.0
175336571,1,PRODUCT USED FOR UNKNOWN INDICATION,17533657.0
175347901,1,MIGRAINE,17534790.0
175353871,1,MIGRAINE,17535387.0
175386491,1,MIGRAINE,17538649.0
175405851,1,PRODUCT USED FOR UNKNOWN INDICATION,17540585.0
175418752,1,MIGRAINE,17541875.0
175573671,1,MIGRAINE,17557367.0
175573911,1,MIGRAINE,17557391.0
175573911,3,MIGRAINE PROPHYLAXIS,17557391.0
175617691,1,PRODUCT USED FOR UNKNOWN INDICATION,17561769.0
175632851,1,MIGRAINE,17563285.0
175668711,1,HEADACHE,17566871.0
175683001,1,PRODUCT USED FOR UNKNOWN INDICATION,17568300.0
175779241,1,MIGRAINE,17577924.0
175810091,1,HEADACHE,17581009.0
175810111,1,PRODUCT USED FOR UNKNOWN INDICATION,17581011.0
175811811,1,MIGRAINE,17581181.0
176056801,1,MIGRAINE,17605680.0
176084831,1,MIGRAINE,17608483.0
174983522,1,PRODUCT USED FOR UNKNOWN INDICATION,17498352.0
174992574,1,MIGRAINE,17499257.0
174992574,2,PRODUCT USED FOR UNKNOWN INDICATION,17499257.0
175520072,1,MIGRAINE,17552007.0
175520072,2,PRODUCT USED FOR UNKNOWN INDICATION,17552007.0
175849432,1,MIGRAINE,17584943.0
176106811,1,MIGRAINE,17610681.0
176112281,1,PRODUCT USED FOR UNKNOWN INDICATION,17611228.0
176124661,1,MIGRAINE,17612466.0
176124661,2,PRODUCT USED FOR UNKNOWN INDICATION,17612466.0
176318331,1,PRODUCT USED FOR UNKNOWN INDICATION,17631833.0
176352451,1,MIGRAINE,17635245.0
176560151,1,MIGRAINE,17656015.0
176623511,1,PRODUCT USED FOR UNKNOWN INDICATION,17662351.0
176623511,2,ANXIETY,17662351.0
176623511,3,DEPRESSION,17662351.0
176623511,4,MIGRAINE,17662351.0
176625421,1,MIGRAINE,17662542.0
176626211,1,PRODUCT USED FOR UNKNOWN INDICATION,17662621.0
176678781,1,MIGRAINE,17667878.0
176793002,1,MIGRAINE,17679300.0
176793002,2,MIGRAINE PROPHYLAXIS,17679300.0
176793002,3,PRODUCT USED FOR UNKNOWN INDICATION,17679300.0
177153961,1,PRODUCT USED FOR UNKNOWN INDICATION,17715396.0
177228661,1,PRODUCT USED FOR UNKNOWN INDICATION,17722866.0
177228671,1,PRODUCT USED FOR UNKNOWN INDICATION,17722867.0
177400281,1,MIGRAINE,17740028.0
177445651,1,MIGRAINE,17744565.0
177516721,1,MIGRAINE,17751672.0
177570632,1,PRODUCT USED FOR UNKNOWN INDICATION,17757063.0
177630291,1,MIGRAINE,17763029.0
177681091,1,MIGRAINE,17768109.0
177721011,1,PRODUCT USED FOR UNKNOWN INDICATION,17772101.0
177843671,1,HEADACHE,17784367.0
177847781,1,HEADACHE,17784778.0
177879991,1,PRODUCT USED FOR UNKNOWN INDICATION,17787999.0
177945441,1,PRODUCT USED FOR UNKNOWN INDICATION,17794544.0
177994491,1,MIGRAINE,17799449.0
177994491,2,PRODUCT USED FOR UNKNOWN INDICATION,17799449.0
178087391,1,MIGRAINE,17808739.0
178088911,1,PRODUCT USED FOR UNKNOWN INDICATION,17808891.0
178088921,1,PRODUCT USED FOR UNKNOWN INDICATION,17808892.0
178121642,1,MIGRAINE,17812164.0
178128092,1,MIGRAINE,17812809.0
178129992,1,MIGRAINE,17812999.0
178132181,1,PRODUCT USED FOR UNKNOWN INDICATION,17813218.0
178181441,1,MIGRAINE,17818144.0
178257171,1,MIGRAINE,17825717.0
178355081,1,PRODUCT USED FOR UNKNOWN INDICATION,17835508.0
178464361,1,MIGRAINE,17846436.0
178468421,1,PRODUCT USED FOR UNKNOWN INDICATION,17846842.0
178471661,1,PRODUCT USED FOR UNKNOWN INDICATION,17847166.0
178477791,1,MIGRAINE,17847779.0
178478991,1,PRODUCT USED FOR UNKNOWN INDICATION,17847899.0
178556011,1,MIGRAINE,17855601.0
178766211,1,PRODUCT USED FOR UNKNOWN INDICATION,17876621.0
178796931,1,PRODUCT USED FOR UNKNOWN INDICATION,17879693.0
178798401,1,PRODUCT USED FOR UNKNOWN INDICATION,17879840.0
178861311,1,MIGRAINE PROPHYLAXIS,17886131.0
178874151,1,MIGRAINE,17887415.0
178976581,1,MIGRAINE,17897658.0
179077111,1,MIGRAINE,17907711.0
179085371,1,PRODUCT USED FOR UNKNOWN INDICATION,17908537.0
179140421,1,PRODUCT USED FOR UNKNOWN INDICATION,17914042.0
179181971,1,MIGRAINE,17918197.0
179194361,1,MIGRAINE,17919436.0
179202601,1,PRODUCT USED FOR UNKNOWN INDICATION,17920260.0
179229881,1,HEADACHE,17922988.0
179248981,1,PRODUCT USED FOR UNKNOWN INDICATION,17924898.0
179250791,1,MIGRAINE,17925079.0
179263411,1,PRODUCT USED FOR UNKNOWN INDICATION,17926341.0
179263451,1,MIGRAINE,17926345.0
179300851,1,PRODUCT USED FOR UNKNOWN INDICATION,17930085.0
179301201,1,MIGRAINE,17930120.0
179305261,1,PRODUCT USED FOR UNKNOWN INDICATION,17930526.0
179306201,1,MIGRAINE,17930620.0
179319101,1,PRODUCT USED FOR UNKNOWN INDICATION,17931910.0
179331741,1,PRODUCT USED FOR UNKNOWN INDICATION,17933174.0
179337611,1,PRODUCT USED FOR UNKNOWN INDICATION,17933761.0
179393521,1,MIGRAINE,17939352.0
179407651,1,PRODUCT USED FOR UNKNOWN INDICATION,17940765.0
179418361,1,MIGRAINE,17941836.0
179378782,1,MIGRAINE,17937878.0
179458482,1,MIGRAINE,17945848.0
179458482,3,PRODUCT USED FOR UNKNOWN INDICATION,17945848.0
179458482,15,HEADACHE,17945848.0
179458482,17,SLEEP DISORDER,17945848.0
179743461,1,MIGRAINE,17974346.0
179744291,1,MIGRAINE,17974429.0
179744301,1,MIGRAINE,17974430.0
179753221,1,MIGRAINE,17975322.0
179841981,1,PRODUCT USED FOR UNKNOWN INDICATION,17984198.0
179844881,1,PRODUCT USED FOR UNKNOWN INDICATION,17984488.0
179856701,1,PRODUCT USED FOR UNKNOWN INDICATION,17985670.0
179860391,1,PRODUCT USED FOR UNKNOWN INDICATION,17986039.0
179885021,1,MIGRAINE,17988502.0
179891011,1,MIGRAINE,17989101.0
179891011,2,PRODUCT USED FOR UNKNOWN INDICATION,17989101.0
179901451,1,MIGRAINE,17990145.0
179909041,1,PRODUCT USED FOR UNKNOWN INDICATION,17990904.0
179918262,1,MIGRAINE,17991826.0
179918262,2,MIGRAINE PROPHYLAXIS,17991826.0
179918262,3,PRODUCT USED FOR UNKNOWN INDICATION,17991826.0
179918262,4,GENERALISED ANXIETY DISORDER,17991826.0
179951751,1,PRODUCT USED FOR UNKNOWN INDICATION,17995175.0
180021131,1,PRODUCT USED FOR UNKNOWN INDICATION,18002113.0
180141311,1,MIGRAINE,18014131.0
180156251,1,PRODUCT USED FOR UNKNOWN INDICATION,18015625.0
180160331,1,PRODUCT USED FOR UNKNOWN INDICATION,18016033.0
180171441,1,MIGRAINE,18017144.0
180171441,2,PAIN,18017144.0
180171441,3,PRODUCT USED FOR UNKNOWN INDICATION,18017144.0
180210741,1,MIGRAINE,18021074.0
180210741,2,PRODUCT USED FOR UNKNOWN INDICATION,18021074.0
180242071,1,PRODUCT USED FOR UNKNOWN INDICATION,18024207.0
180289381,1,PRODUCT USED FOR UNKNOWN INDICATION,18028938.0
180313051,1,MIGRAINE,18031305.0
180335111,1,MIGRAINE,18033511.0
180394341,1,PRODUCT USED FOR UNKNOWN INDICATION,18039434.0
180400591,1,MIGRAINE,18040059.0
180402671,1,PRODUCT USED FOR UNKNOWN INDICATION,18040267.0
180414101,1,PRODUCT USED FOR UNKNOWN INDICATION,18041410.0
180462321,1,PRODUCT USED FOR UNKNOWN INDICATION,18046232.0
180502341,1,MIGRAINE,18050234.0
180511291,1,PRODUCT USED FOR UNKNOWN INDICATION,18051129.0
180538721,1,MIGRAINE,18053872.0
180566241,1,PRODUCT USED FOR UNKNOWN INDICATION,18056624.0
180686661,1,PRODUCT USED FOR UNKNOWN INDICATION,18068666.0
180735721,1,PRODUCT USED FOR UNKNOWN INDICATION,18073572.0
180742231,1,PRODUCT USED FOR UNKNOWN INDICATION,18074223.0
180768701,1,PRODUCT USED FOR UNKNOWN INDICATION,18076870.0
180826491,1,PRODUCT USED FOR UNKNOWN INDICATION,18082649.0
180954181,1,PRODUCT USED FOR UNKNOWN INDICATION,18095418.0
180965552,1,PRODUCT USED FOR UNKNOWN INDICATION,18096555.0
180990281,1,HEADACHE,18099028.0
181006251,1,PRODUCT USED FOR UNKNOWN INDICATION,18100625.0
181055921,1,PRODUCT USED FOR UNKNOWN INDICATION,18105592.0
181079261,1,PRODUCT USED FOR UNKNOWN INDICATION,18107926.0
181101631,1,MIGRAINE,18110163.0
181155811,1,PRODUCT USED FOR UNKNOWN INDICATION,18115581.0
181319081,1,PRODUCT USED FOR UNKNOWN INDICATION,18131908.0
181348901,1,PRODUCT USED FOR UNKNOWN INDICATION,18134890.0
181406141,1,HEADACHE,18140614.0
181525881,1,PRODUCT USED FOR UNKNOWN INDICATION,18152588.0
181602841,1,MIGRAINE,18160284.0
181643141,1,MIGRAINE,18164314.0
181660841,1,HEADACHE,18166084.0
181666811,1,PRODUCT USED FOR UNKNOWN INDICATION,18166681.0
181702521,1,PRODUCT USED FOR UNKNOWN INDICATION,18170252.0
181703581,1,PRODUCT USED FOR UNKNOWN INDICATION,18170358.0
181768971,1,PRODUCT USED FOR UNKNOWN INDICATION,18176897.0
181770491,1,MIGRAINE,18177049.0
181809552,1,MIGRAINE,18180955.0
181812481,1,MIGRAINE,18181248.0
181894041,1,PRODUCT USED FOR UNKNOWN INDICATION,18189404.0
181953061,1,PRODUCT USED FOR UNKNOWN INDICATION,18195306.0
181958491,1,PRODUCT USED FOR UNKNOWN INDICATION,18195849.0
181993401,1,MIGRAINE,18199340.0
181993511,1,MIGRAINE,18199351.0
181995401,1,PRODUCT USED FOR UNKNOWN INDICATION,18199540.0
182000981,1,PRODUCT USED FOR UNKNOWN INDICATION,18200098.0
182090711,1,PRODUCT USED FOR UNKNOWN INDICATION,18209071.0
182095561,1,MIGRAINE,18209556.0
182097241,1,PRODUCT USED FOR UNKNOWN INDICATION,18209724.0
182098221,1,PRODUCT USED FOR UNKNOWN INDICATION,18209822.0
182151601,1,PRODUCT USED FOR UNKNOWN INDICATION,18215160.0
182237331,1,PRODUCT USED FOR UNKNOWN INDICATION,18223733.0
182341351,1,PRODUCT USED FOR UNKNOWN INDICATION,18234135.0
182359951,1,PRODUCT USED FOR UNKNOWN INDICATION,18235995.0
182439391,1,HEADACHE,18243939.0
182439391,2,PRODUCT USED FOR UNKNOWN INDICATION,18243939.0
182454341,1,MIGRAINE,18245434.0
182500311,1,HEADACHE,18250031.0
182503191,1,PRODUCT USED FOR UNKNOWN INDICATION,18250319.0
182519191,1,MIGRAINE,18251919.0
182541291,1,PRODUCT USED FOR UNKNOWN INDICATION,18254129.0
182549041,1,PRODUCT USED FOR UNKNOWN INDICATION,18254904.0
182591811,1,PRODUCT USED FOR UNKNOWN INDICATION,18259181.0
182639301,1,MIGRAINE,18263930.0
182643832,1,PRODUCT USED FOR UNKNOWN INDICATION,18264383.0
182645751,1,PRODUCT USED FOR UNKNOWN INDICATION,18264575.0
182693921,1,PRODUCT USED FOR UNKNOWN INDICATION,18269392.0
182697501,1,PRODUCT USED FOR UNKNOWN INDICATION,18269750.0
182713571,1,PRODUCT USED FOR UNKNOWN INDICATION,18271357.0
182725551,1,PRODUCT USED FOR UNKNOWN INDICATION,18272555.0
182725551,2,MIGRAINE,18272555.0
182753061,1,PRODUCT USED FOR UNKNOWN INDICATION,18275306.0
182753071,1,PRODUCT USED FOR UNKNOWN INDICATION,18275307.0
182845761,1,PRODUCT USED FOR UNKNOWN INDICATION,18284576.0
182888141,1,PRODUCT USED FOR UNKNOWN INDICATION,18288814.0
183079921,1,MIGRAINE,18307992.0
183129831,1,MIGRAINE,18312983.0
183132261,1,MIGRAINE,18313226.0
183221411,1,MIGRAINE,18322141.0
183253901,1,MIGRAINE,18325390.0
179911592,1,PRODUCT USED FOR UNKNOWN INDICATION,17991159.0
180227152,1,MIGRAINE,18022715.0
182731502,1,PRODUCT USED FOR UNKNOWN INDICATION,18273150.0
183216593,1,HEADACHE,18321659.0
183350131,1,PRODUCT USED FOR UNKNOWN INDICATION,18335013.0
183351771,1,PRODUCT USED FOR UNKNOWN INDICATION,18335177.0
183361571,1,MIGRAINE,18336157.0
183363061,1,MIGRAINE,18336306.0
183363602,1,MIGRAINE,18336360.0
183366941,1,MIGRAINE,18336694.0
183383951,1,PRODUCT USED FOR UNKNOWN INDICATION,18338395.0
183389161,1,PRODUCT USED FOR UNKNOWN INDICATION,18338916.0
183398151,1,PRODUCT USED FOR UNKNOWN INDICATION,18339815.0
183447451,1,MIGRAINE,18344745.0
183454991,1,MIGRAINE,18345499.0
183455761,1,PRODUCT USED FOR UNKNOWN INDICATION,18345576.0
183457241,1,MIGRAINE,18345724.0
183457251,1,MIGRAINE,18345725.0
183464531,1,PRODUCT USED FOR UNKNOWN INDICATION,18346453.0
183467151,1,PRODUCT USED FOR UNKNOWN INDICATION,18346715.0
183505841,1,PRODUCT USED FOR UNKNOWN INDICATION,18350584.0
183510951,1,MIGRAINE,18351095.0
183516702,1,PRODUCT USED FOR UNKNOWN INDICATION,18351670.0
183521491,1,PRODUCT USED FOR UNKNOWN INDICATION,18352149.0
183521631,1,PRODUCT USED FOR UNKNOWN INDICATION,18352163.0
183553691,1,MIGRAINE,18355369.0
183615221,1,MIGRAINE,18361522.0
183620661,1,PRODUCT USED FOR UNKNOWN INDICATION,18362066.0
183668341,1,MIGRAINE,18366834.0
183668951,1,PRODUCT USED FOR UNKNOWN INDICATION,18366895.0
183671491,1,PRODUCT USED FOR UNKNOWN INDICATION,18367149.0
183774791,1,PRODUCT USED FOR UNKNOWN INDICATION,18377479.0
183883901,1,PRODUCT USED FOR UNKNOWN INDICATION,18388390.0
184054681,1,MIGRAINE,18405468.0
184266591,1,MIGRAINE,18426659.0
184274671,1,PRODUCT USED FOR UNKNOWN INDICATION,18427467.0
184280371,1,PRODUCT USED FOR UNKNOWN INDICATION,18428037.0
184285231,1,HEADACHE,18428523.0
184286831,1,PRODUCT USED FOR UNKNOWN INDICATION,18428683.0
184363331,1,MIGRAINE,18436333.0
184379611,1,MIGRAINE,18437961.0
184389591,1,HEADACHE,18438959.0
184389591,2,PRODUCT USED FOR UNKNOWN INDICATION,18438959.0
184397601,1,MIGRAINE,18439760.0
184407761,1,MIGRAINE,18440776.0
184540211,1,PRODUCT USED FOR UNKNOWN INDICATION,18454021.0
184542431,1,PRODUCT USED FOR UNKNOWN INDICATION,18454243.0
184546671,1,MIGRAINE,18454667.0
184546711,1,PRODUCT USED FOR UNKNOWN INDICATION,18454671.0
184552911,1,PRODUCT USED FOR UNKNOWN INDICATION,18455291.0
184582661,1,MIGRAINE,18458266.0
184587681,1,PRODUCT USED FOR UNKNOWN INDICATION,18458768.0
184588731,1,MIGRAINE,18458873.0
184590491,1,PRODUCT USED FOR UNKNOWN INDICATION,18459049.0
184590571,1,PRODUCT USED FOR UNKNOWN INDICATION,18459057.0
184648041,1,PRODUCT USED FOR UNKNOWN INDICATION,18464804.0
184701681,1,MIGRAINE,18470168.0
184701681,2,PRODUCT USED FOR UNKNOWN INDICATION,18470168.0
184734261,1,PRODUCT USED FOR UNKNOWN INDICATION,18473426.0
184744781,1,MIGRAINE,18474478.0
184755051,1,PRODUCT USED FOR UNKNOWN INDICATION,18475505.0
184756861,1,MIGRAINE,18475686.0
184778911,1,PRODUCT USED FOR UNKNOWN INDICATION,18477891.0
184804451,1,PRODUCT USED FOR UNKNOWN INDICATION,18480445.0
184819071,1,MIGRAINE,18481907.0
184821341,1,MIGRAINE,18482134.0
184821351,1,MIGRAINE,18482135.0
184827611,1,PRODUCT USED FOR UNKNOWN INDICATION,18482761.0
184858271,1,PRODUCT USED FOR UNKNOWN INDICATION,18485827.0
184874371,1,PRODUCT USED FOR UNKNOWN INDICATION,18487437.0
184876991,1,MIGRAINE,18487699.0
184916701,1,MIGRAINE,18491670.0
184964391,1,MIGRAINE,18496439.0
185072771,1,PRODUCT USED FOR UNKNOWN INDICATION,18507277.0
185131341,1,PRODUCT USED FOR UNKNOWN INDICATION,18513134.0
185136231,1,MIGRAINE,18513623.0
185183781,1,MIGRAINE,18518378.0
185196101,1,PRODUCT USED FOR UNKNOWN INDICATION,18519610.0
185196191,1,PRODUCT USED FOR UNKNOWN INDICATION,18519619.0
185237271,1,PRODUCT USED FOR UNKNOWN INDICATION,18523727.0
185241041,1,PRODUCT USED FOR UNKNOWN INDICATION,18524104.0
185251121,1,PRODUCT USED FOR UNKNOWN INDICATION,18525112.0
185251931,1,PRODUCT USED FOR UNKNOWN INDICATION,18525193.0
185354931,1,PRODUCT USED FOR UNKNOWN INDICATION,18535493.0
185357381,1,MIGRAINE,18535738.0
185363771,1,HEADACHE,18536377.0
185466481,1,PRODUCT USED FOR UNKNOWN INDICATION,18546648.0
185467921,1,MIGRAINE,18546792.0
185665331,1,MIGRAINE,18566533.0
185726301,1,MIGRAINE,18572630.0
185726341,1,PRODUCT USED FOR UNKNOWN INDICATION,18572634.0
185815671,1,PRODUCT USED FOR UNKNOWN INDICATION,18581567.0
185869161,1,HEADACHE,18586916.0
185876071,1,PRODUCT USED FOR UNKNOWN INDICATION,18587607.0
185882011,1,PRODUCT USED FOR UNKNOWN INDICATION,18588201.0
185902691,1,PRODUCT USED FOR UNKNOWN INDICATION,18590269.0
185924951,1,PRODUCT USED FOR UNKNOWN INDICATION,18592495.0
185971801,1,PRODUCT USED FOR UNKNOWN INDICATION,18597180.0
186127931,1,PRODUCT USED FOR UNKNOWN INDICATION,18612793.0
186452791,1,MIGRAINE,18645279.0
186581231,1,MIGRAINE,18658123.0
186837841,1,PRODUCT USED FOR UNKNOWN INDICATION,18683784.0
186838931,1,PRODUCT USED FOR UNKNOWN INDICATION,18683893.0
182694013,1,MIGRAINE,18269401.0
182694013,2,PRODUCT USED FOR UNKNOWN INDICATION,18269401.0
183612012,1,MIGRAINE,18361201.0
185281392,1,MIGRAINE,18528139.0
185390552,1,MIGRAINE,18539055.0
185770152,1,PRODUCT USED FOR UNKNOWN INDICATION,18577015.0
186438302,1,MIGRAINE,18643830.0
186536442,1,PRODUCT USED FOR UNKNOWN INDICATION,18653644.0
186892732,1,MIGRAINE,18689273.0
186962061,1,PRODUCT USED FOR UNKNOWN INDICATION,18696206.0
186964391,1,HEADACHE,18696439.0
186977671,1,HEADACHE,18697767.0
186989741,1,PRODUCT USED FOR UNKNOWN INDICATION,18698974.0
186990511,1,HEADACHE,18699051.0
187040121,1,HEADACHE,18704012.0
187041351,1,PRODUCT USED FOR UNKNOWN INDICATION,18704135.0
187069151,1,CLUSTER HEADACHE,18706915.0
187076021,1,TRIGEMINAL NEURALGIA,18707602.0
187076021,2,MIGRAINE,18707602.0
187082041,1,PRODUCT USED FOR UNKNOWN INDICATION,18708204.0
187146062,1,MIGRAINE,18714606.0
187146062,2,HEADACHE,18714606.0
187146062,3,ANXIETY,18714606.0
187146062,4,AFFECTIVE DISORDER,18714606.0
187146062,6,NAUSEA,18714606.0
187146062,8,PRODUCT USED FOR UNKNOWN INDICATION,18714606.0
187146062,9,PAIN,18714606.0
187146062,11,BACK PAIN,18714606.0
187146062,15,NASAL CONGESTION,18714606.0
187194191,1,PRODUCT USED FOR UNKNOWN INDICATION,18719419.0
187194721,1,PRODUCT USED FOR UNKNOWN INDICATION,18719472.0
187298321,1,MIGRAINE,18729832.0
187298441,1,MIGRAINE,18729844.0
187312301,1,PRODUCT USED FOR UNKNOWN INDICATION,18731230.0
187315351,1,PRODUCT USED FOR UNKNOWN INDICATION,18731535.0
187355441,1,PRODUCT USED FOR UNKNOWN INDICATION,18735544.0
187356641,1,HEADACHE,18735664.0
187363041,1,PRODUCT USED FOR UNKNOWN INDICATION,18736304.0
187374181,1,PRODUCT USED FOR UNKNOWN INDICATION,18737418.0
187374471,1,PRODUCT USED FOR UNKNOWN INDICATION,18737447.0
187427481,1,MIGRAINE,18742748.0
187482941,1,PRODUCT USED FOR UNKNOWN INDICATION,18748294.0
187486801,1,PRODUCT USED FOR UNKNOWN INDICATION,18748680.0
187708931,1,MIGRAINE,18770893.0
187721651,1,MIGRAINE,18772165.0
187774961,1,MIGRAINE,18777496.0
187833431,1,PRODUCT USED FOR UNKNOWN INDICATION,18783343.0
187905291,1,MIGRAINE,18790529.0
187906621,1,PRODUCT USED FOR UNKNOWN INDICATION,18790662.0
187910831,1,PRODUCT USED FOR UNKNOWN INDICATION,18791083.0
187956141,1,PRODUCT USED FOR UNKNOWN INDICATION,18795614.0
187998251,1,PRODUCT USED FOR UNKNOWN INDICATION,18799825.0
188023201,1,MIGRAINE,18802320.0
188101631,1,MIGRAINE,18810163.0
188102611,1,PRODUCT USED FOR UNKNOWN INDICATION,18810261.0
188217291,1,MIGRAINE,18821729.0
188254591,1,PRODUCT USED FOR UNKNOWN INDICATION,18825459.0
188426461,1,MIGRAINE,18842646.0
188487841,1,PRODUCT USED FOR UNKNOWN INDICATION,18848784.0
188534801,1,MIGRAINE,18853480.0
188543881,1,PRODUCT USED FOR UNKNOWN INDICATION,18854388.0
188546481,1,MIGRAINE,18854648.0
188596051,1,MIGRAINE,18859605.0
188810641,1,PRODUCT USED FOR UNKNOWN INDICATION,18881064.0
188874281,1,PRODUCT USED FOR UNKNOWN INDICATION,18887428.0
188878341,1,PRODUCT USED FOR UNKNOWN INDICATION,18887834.0
188995871,1,PRODUCT USED FOR UNKNOWN INDICATION,18899587.0
189003101,1,PRODUCT USED FOR UNKNOWN INDICATION,18900310.0
189008201,1,PRODUCT USED FOR UNKNOWN INDICATION,18900820.0
189017271,1,PRODUCT USED FOR UNKNOWN INDICATION,18901727.0
189050101,1,MIGRAINE,18905010.0
189056131,1,PRODUCT USED FOR UNKNOWN INDICATION,18905613.0
189057991,1,MIGRAINE,18905799.0
189062291,1,MIGRAINE,18906229.0
189069301,1,PRODUCT USED FOR UNKNOWN INDICATION,18906930.0
189115551,1,MIGRAINE,18911555.0
189130391,1,PRODUCT USED FOR UNKNOWN INDICATION,18913039.0
189134501,1,PRODUCT USED FOR UNKNOWN INDICATION,18913450.0
189170701,1,PRODUCT USED FOR UNKNOWN INDICATION,18917070.0
189363091,1,PRODUCT USED FOR UNKNOWN INDICATION,18936309.0
189412881,1,PRODUCT USED FOR UNKNOWN INDICATION,18941288.0
189461221,1,HEADACHE,18946122.0
189461232,1,MIGRAINE,18946123.0
189462931,1,MIGRAINE,18946293.0
189462931,2,PRODUCT USED FOR UNKNOWN INDICATION,18946293.0
189463841,1,PRODUCT USED FOR UNKNOWN INDICATION,18946384.0
189477551,1,PRODUCT USED FOR UNKNOWN INDICATION,18947755.0
189550221,1,PRODUCT USED FOR UNKNOWN INDICATION,18955022.0
189554791,1,PRODUCT USED FOR UNKNOWN INDICATION,18955479.0
189664811,1,MIGRAINE,18966481.0
189665901,1,MIGRAINE,18966590.0
189806111,1,MIGRAINE,18980611.0
189911191,1,PRODUCT USED FOR UNKNOWN INDICATION,18991119.0
190037271,1,MIGRAINE,19003727.0
190048291,1,PRODUCT USED FOR UNKNOWN INDICATION,19004829.0
190153932,1,PRODUCT USED FOR UNKNOWN INDICATION,19015393.0
190190401,1,PRODUCT USED FOR UNKNOWN INDICATION,19019040.0
190256411,1,PRODUCT USED FOR UNKNOWN INDICATION,19025641.0
190256431,1,PRODUCT USED FOR UNKNOWN INDICATION,19025643.0
190274991,1,MIGRAINE,19027499.0
190366211,1,MIGRAINE,19036621.0
190419951,1,MIGRAINE,19041995.0
190436491,1,PRODUCT USED FOR UNKNOWN INDICATION,19043649.0
190436511,1,MIGRAINE,19043651.0
190487391,1,MIGRAINE,19048739.0
190560171,1,MIGRAINE,19056017.0
190577061,1,PRODUCT USED FOR UNKNOWN INDICATION,19057706.0
190579411,1,PRODUCT USED FOR UNKNOWN INDICATION,19057941.0
190584481,1,MIGRAINE,19058448.0
190589591,1,PRODUCT USED FOR UNKNOWN INDICATION,19058959.0
190612351,1,MIGRAINE,19061235.0
190637451,1,MIGRAINE,19063745.0
190640521,1,MIGRAINE,19064052.0
190640521,2,PRODUCT USED FOR UNKNOWN INDICATION,19064052.0
190644511,1,MIGRAINE,19064451.0
190644521,1,MIGRAINE,19064452.0
190645161,1,MIGRAINE,19064516.0
190646141,1,MIGRAINE,19064614.0
190647651,1,MIGRAINE,19064765.0
190698331,1,MIGRAINE,19069833.0
190740161,1,PRODUCT USED FOR UNKNOWN INDICATION,19074016.0
190741751,1,PRODUCT USED FOR UNKNOWN INDICATION,19074175.0
190742871,1,MIGRAINE,19074287.0
190789541,1,PRODUCT USED FOR UNKNOWN INDICATION,19078954.0
190789561,1,PRODUCT USED FOR UNKNOWN INDICATION,19078956.0
190802371,1,MIGRAINE,19080237.0
190802371,2,PROPHYLAXIS,19080237.0
183325083,1,PRODUCT USED FOR UNKNOWN INDICATION,18332508.0
183690222,1,MIGRAINE,18369022.0
184858072,1,MIGRAINE,18485807.0
184858072,2,PRODUCT USED FOR UNKNOWN INDICATION,18485807.0
189317263,1,MIGRAINE,18931726.0
189700672,1,PRODUCT USED FOR UNKNOWN INDICATION,18970067.0
190633582,1,MIGRAINE,19063358.0
190844212,1,MIGRAINE,19084421.0
190851091,1,MIGRAINE,19085109.0
190851121,1,PRODUCT USED FOR UNKNOWN INDICATION,19085112.0
190852531,1,MIGRAINE,19085253.0
190873931,1,MIGRAINE,19087393.0
190875662,1,MIGRAINE,19087566.0
190876691,1,PRODUCT USED FOR UNKNOWN INDICATION,19087669.0
190881891,1,PRODUCT USED FOR UNKNOWN INDICATION,19088189.0
190882921,1,PRODUCT USED FOR UNKNOWN INDICATION,19088292.0
190922111,1,MIGRAINE,19092211.0
190925082,1,MIGRAINE,19092508.0
190925141,1,PRODUCT USED FOR UNKNOWN INDICATION,19092514.0
190941301,1,PRODUCT USED FOR UNKNOWN INDICATION,19094130.0
190985412,1,MIGRAINE,19098541.0
190986522,1,MIGRAINE,19098652.0
190989341,1,PRODUCT USED FOR UNKNOWN INDICATION,19098934.0
190990651,1,PRODUCT USED FOR UNKNOWN INDICATION,19099065.0
190990681,1,MIGRAINE,19099068.0
191058421,1,PRODUCT USED FOR UNKNOWN INDICATION,19105842.0
191074491,1,MIGRAINE,19107449.0
191133831,1,PRODUCT USED FOR UNKNOWN INDICATION,19113383.0
191142151,1,PRODUCT USED FOR UNKNOWN INDICATION,19114215.0
191224771,1,PRODUCT USED FOR UNKNOWN INDICATION,19122477.0
191231931,1,PRODUCT USED FOR UNKNOWN INDICATION,19123193.0
191232791,1,HEADACHE,19123279.0
191240451,1,PRODUCT USED FOR UNKNOWN INDICATION,19124045.0
191350851,1,MIGRAINE,19135085.0
191352371,1,PRODUCT USED FOR UNKNOWN INDICATION,19135237.0
191358801,1,PRODUCT USED FOR UNKNOWN INDICATION,19135880.0
191361691,1,PRODUCT USED FOR UNKNOWN INDICATION,19136169.0
191364721,1,PRODUCT USED FOR UNKNOWN INDICATION,19136472.0
191367921,1,PRODUCT USED FOR UNKNOWN INDICATION,19136792.0
191367942,1,STATUS MIGRAINOSUS,19136794.0
191473202,1,MIGRAINE,19147320.0
191478191,1,PRODUCT USED FOR UNKNOWN INDICATION,19147819.0
191563921,1,MIGRAINE,19156392.0
191600231,1,MIGRAINE,19160023.0
191703951,1,MIGRAINE,19170395.0
191714941,1,MIGRAINE,19171494.0
191778741,1,PRODUCT USED FOR UNKNOWN INDICATION,19177874.0
191800081,1,MIGRAINE,19180008.0
191862181,1,MIGRAINE,19186218.0
191862181,2,MIGRAINE PROPHYLAXIS,19186218.0
191874811,1,MIGRAINE,19187481.0
191878721,1,MIGRAINE,19187872.0
191890021,1,PRODUCT USED FOR UNKNOWN INDICATION,19189002.0
191890902,1,PRODUCT USED FOR UNKNOWN INDICATION,19189090.0
191902291,1,MIGRAINE,19190229.0
191968671,1,PRODUCT USED FOR UNKNOWN INDICATION,19196867.0
192070611,1,MIGRAINE,19207061.0
192089942,1,MIGRAINE,19208994.0
192113892,1,MIGRAINE,19211389.0
192143782,1,PRODUCT USED FOR UNKNOWN INDICATION,19214378.0
192197671,1,PRODUCT USED FOR UNKNOWN INDICATION,19219767.0
192217491,1,MIGRAINE,19221749.0
192242031,1,MIGRAINE,19224203.0
192267561,1,MIGRAINE,19226756.0
192273391,1,MIGRAINE,19227339.0
192273401,1,MIGRAINE,19227340.0
192273412,1,PRODUCT USED FOR UNKNOWN INDICATION,19227341.0
192314302,1,MIGRAINE,19231430.0
192314441,1,MIGRAINE,19231444.0
192343031,1,PRODUCT USED FOR UNKNOWN INDICATION,19234303.0
192351112,1,MIGRAINE,19235111.0
192358622,1,MIGRAINE,19235862.0
192367302,1,MIGRAINE,19236730.0
192398851,1,MIGRAINE,19239885.0
192398921,1,PRODUCT USED FOR UNKNOWN INDICATION,19239892.0
192414681,1,PRODUCT USED FOR UNKNOWN INDICATION,19241468.0
192430601,1,MIGRAINE,19243060.0
192433291,1,MIGRAINE,19243329.0
192442871,1,HEADACHE,19244287.0
192444821,1,MIGRAINE,19244482.0
192470481,1,PRODUCT USED FOR UNKNOWN INDICATION,19247048.0
192496051,1,PRODUCT USED FOR UNKNOWN INDICATION,19249605.0
192496471,1,MIGRAINE,19249647.0
192496471,2,PRODUCT USED FOR UNKNOWN INDICATION,19249647.0
192519361,1,MIGRAINE,19251936.0
192538791,1,MIGRAINE,19253879.0
192544371,1,PRODUCT USED FOR UNKNOWN INDICATION,19254437.0
192564801,1,PRODUCT USED FOR UNKNOWN INDICATION,19256480.0
192564821,1,PRODUCT USED FOR UNKNOWN INDICATION,19256482.0
192576801,1,MIGRAINE,19257680.0
192619361,1,MIGRAINE,19261936.0
192807631,1,PRODUCT USED FOR UNKNOWN INDICATION,19280763.0
192841251,1,PRODUCT USED FOR UNKNOWN INDICATION,19284125.0
192879461,1,PRODUCT USED FOR UNKNOWN INDICATION,19287946.0
192908441,1,PRODUCT USED FOR UNKNOWN INDICATION,19290844.0
192915051,1,PRODUCT USED FOR UNKNOWN INDICATION,19291505.0
193055241,1,PRODUCT USED FOR UNKNOWN INDICATION,19305524.0
193212931,1,MIGRAINE,19321293.0
193566661,1,MIGRAINE,19356666.0
193579331,1,MIGRAINE,19357933.0
193716221,1,MIGRAINE,19371622.0
193747331,1,PRODUCT USED FOR UNKNOWN INDICATION,19374733.0
193992201,1,PRODUCT USED FOR UNKNOWN INDICATION,19399220.0
194047481,1,MIGRAINE,19404748.0
194047551,1,MIGRAINE,19404755.0
194051841,1,PRODUCT USED FOR UNKNOWN INDICATION,19405184.0
194104651,1,MIGRAINE,19410465.0
194153782,1,MIGRAINE,19415378.0
194157412,1,MIGRAINE,19415741.0
194160422,1,MIGRAINE,19416042.0
194163061,1,MIGRAINE,19416306.0
194163072,1,MIGRAINE,19416307.0
194163222,1,MIGRAINE,19416322.0
194182621,1,MIGRAINE,19418262.0
194209801,1,PRODUCT USED FOR UNKNOWN INDICATION,19420980.0
194219861,1,MIGRAINE,19421986.0
194413431,1,MIGRAINE,19441343.0
194413431,2,PRODUCT USED FOR UNKNOWN INDICATION,19441343.0
194428941,1,CLUSTER HEADACHE,19442894.0
194465511,1,MIGRAINE,19446551.0
194620171,1,MIGRAINE,19462017.0
194620761,1,MIGRAINE,19462076.0
194662942,1,PRODUCT USED FOR UNKNOWN INDICATION,19466294.0
194666392,1,PRODUCT USED FOR UNKNOWN INDICATION,19466639.0
194757421,1,PRODUCT USED FOR UNKNOWN INDICATION,19475742.0
194790211,1,PRODUCT USED FOR UNKNOWN INDICATION,19479021.0
189740642,1,MIGRAINE,18974064.0
189740642,2,PRODUCT USED FOR UNKNOWN INDICATION,18974064.0
190637463,1,MIGRAINE,19063746.0
190810022,1,MIGRAINE,19081002.0
190810022,3,PRODUCT USED FOR UNKNOWN INDICATION,19081002.0
191242013,1,PRODUCT USED FOR UNKNOWN INDICATION,19124201.0
192908403,1,PRODUCT USED FOR UNKNOWN INDICATION,19290840.0
192950582,1,MIGRAINE,19295058.0
192950582,2,PRODUCT USED FOR UNKNOWN INDICATION,19295058.0
193992012,1,MIGRAINE,19399201.0
194050192,1,PRODUCT USED FOR UNKNOWN INDICATION,19405019.0
194065632,1,MIGRAINE,19406563.0
194850071,1,MIGRAINE,19485007.0
194853771,1,PRODUCT USED FOR UNKNOWN INDICATION,19485377.0
194895472,1,MIGRAINE,19489547.0
194904391,1,PRODUCT USED FOR UNKNOWN INDICATION,19490439.0
194905731,1,MIGRAINE,19490573.0
194907061,1,MIGRAINE,19490706.0
194954651,1,MIGRAINE,19495465.0
195003562,1,MIGRAINE,19500356.0
195061431,1,PRODUCT USED FOR UNKNOWN INDICATION,19506143.0
195172311,1,PRODUCT USED FOR UNKNOWN INDICATION,19517231.0
195210761,1,PRODUCT USED FOR UNKNOWN INDICATION,19521076.0
195284221,1,MIGRAINE,19528422.0
195401262,1,PRODUCT USED FOR UNKNOWN INDICATION,19540126.0
195582511,1,MIGRAINE,19558251.0
195595111,1,MIGRAINE,19559511.0
195870841,1,PRODUCT USED FOR UNKNOWN INDICATION,19587084.0
195902601,1,MIGRAINE,19590260.0
195928282,1,PRODUCT USED FOR UNKNOWN INDICATION,19592828.0
195968771,1,PRODUCT USED FOR UNKNOWN INDICATION,19596877.0
196019721,1,HEADACHE,19601972.0
196061651,1,PRODUCT USED FOR UNKNOWN INDICATION,19606165.0
196062731,1,MIGRAINE,19606273.0
196248131,1,PRODUCT USED FOR UNKNOWN INDICATION,19624813.0
196248131,2,CONTRACEPTION,19624813.0
196256682,1,MIGRAINE,19625668.0
196262381,1,MIGRAINE,19626238.0
196262381,2,PRODUCT USED FOR UNKNOWN INDICATION,19626238.0
196329241,1,PRODUCT USED FOR UNKNOWN INDICATION,19632924.0
196330211,1,PRODUCT USED FOR UNKNOWN INDICATION,19633021.0
196330251,1,MIGRAINE,19633025.0
196386241,1,MIGRAINE,19638624.0
196386241,2,PRODUCT USED FOR UNKNOWN INDICATION,19638624.0
196390261,1,PRODUCT USED FOR UNKNOWN INDICATION,19639026.0
196468081,1,MIGRAINE,19646808.0
196468081,2,PRODUCT USED FOR UNKNOWN INDICATION,19646808.0
196544331,1,PRODUCT USED FOR UNKNOWN INDICATION,19654433.0
196655531,1,MIGRAINE,19665553.0
196670391,1,MIGRAINE,19667039.0
196670391,2,MIGRAINE PROPHYLAXIS,19667039.0
196676601,1,MIGRAINE,19667660.0
196757971,1,PRODUCT USED FOR UNKNOWN INDICATION,19675797.0
196770752,1,MIGRAINE,19677075.0
196777381,1,MIGRAINE,19677738.0
196948121,1,PRODUCT USED FOR UNKNOWN INDICATION,19694812.0
197024981,1,PRODUCT USED FOR UNKNOWN INDICATION,19702498.0
197040751,1,MIGRAINE,19704075.0
197076331,1,MIGRAINE,19707633.0
197218611,1,MIGRAINE,19721861.0
197237932,1,MIGRAINE WITHOUT AURA,19723793.0
197241501,1,MIGRAINE,19724150.0
197289561,1,MIGRAINE,19728956.0
197290941,1,MIGRAINE,19729094.0
197291611,1,PRODUCT USED FOR UNKNOWN INDICATION,19729161.0
197442361,1,MIGRAINE,19744236.0
197478521,1,MIGRAINE,19747852.0
197479721,1,MIGRAINE,19747972.0
197482261,1,MIGRAINE,19748226.0
197515871,1,PRODUCT USED FOR UNKNOWN INDICATION,19751587.0
197530011,1,PRODUCT USED FOR UNKNOWN INDICATION,19753001.0
197531701,1,MIGRAINE,19753170.0
197531701,2,CONTRACEPTION,19753170.0
197651931,1,MIGRAINE,19765193.0
197653801,1,MIGRAINE,19765380.0
197677731,1,HEADACHE,19767773.0
197729951,1,PRODUCT USED FOR UNKNOWN INDICATION,19772995.0
197732021,1,PRODUCT USED FOR UNKNOWN INDICATION,19773202.0
197938341,1,PRODUCT USED FOR UNKNOWN INDICATION,19793834.0
197995831,1,PRODUCT USED FOR UNKNOWN INDICATION,19799583.0
197997181,1,PRODUCT USED FOR UNKNOWN INDICATION,19799718.0
198134281,1,PAIN,19813428.0
198164082,1,PRODUCT USED FOR UNKNOWN INDICATION,19816408.0
198312491,1,MIGRAINE,19831249.0
198312511,1,PRODUCT USED FOR UNKNOWN INDICATION,19831251.0
198345001,1,MIGRAINE,19834500.0
198378421,1,PRODUCT USED FOR UNKNOWN INDICATION,19837842.0
198431822,1,PRODUCT USED FOR UNKNOWN INDICATION,19843182.0
198557381,1,MIGRAINE,19855738.0
198662781,1,PRODUCT USED FOR UNKNOWN INDICATION,19866278.0
198697591,1,MIGRAINE,19869759.0
198863571,1,MIGRAINE,19886357.0
199017681,1,PRODUCT USED FOR UNKNOWN INDICATION,19901768.0
189699823,1,HEADACHE,18969982.0
192158742,1,MIGRAINE,19215874.0
192158742,2,PRODUCT USED FOR UNKNOWN INDICATION,19215874.0
194666312,1,MIGRAINE,19466631.0
194666312,2,PRODUCT USED FOR UNKNOWN INDICATION,19466631.0
196590562,1,MIGRAINE,19659056.0
196590562,2,PRODUCT USED FOR UNKNOWN INDICATION,19659056.0
197494722,1,MIGRAINE,19749472.0
199175461,1,MIGRAINE,19917546.0
199175461,2,EPILEPSY,19917546.0
199175461,3,PRODUCT USED FOR UNKNOWN INDICATION,19917546.0
199194131,1,MIGRAINE,19919413.0
199194791,1,MIGRAINE,19919479.0
199194802,1,MIGRAINE,19919480.0
199194802,2,PRODUCT USED FOR UNKNOWN INDICATION,19919480.0
199194802,3,ANXIETY,19919480.0
199229011,1,MIGRAINE,19922901.0
199267221,1,MIGRAINE,19926722.0
199274661,1,MIGRAINE,19927466.0
199274671,1,MIGRAINE,19927467.0
199313051,1,MIGRAINE,19931305.0
199313051,2,PRODUCT USED FOR UNKNOWN INDICATION,19931305.0
199313051,3,SLEEP DISORDER,19931305.0
199313071,1,PRODUCT USED FOR UNKNOWN INDICATION,19931307.0
199378062,1,MIGRAINE,19937806.0
199378071,1,PRODUCT USED FOR UNKNOWN INDICATION,19937807.0
199381201,1,MIGRAINE,19938120.0
199382071,1,PRODUCT USED FOR UNKNOWN INDICATION,19938207.0
199406673,1,MIGRAINE,19940667.0
199406673,2,PRODUCT USED FOR UNKNOWN INDICATION,19940667.0
199406673,3,SPINAL OSTEOARTHRITIS,19940667.0
199406711,1,MIGRAINE,19940671.0
199514321,1,PRODUCT USED FOR UNKNOWN INDICATION,19951432.0
199515531,1,PRODUCT USED FOR UNKNOWN INDICATION,19951553.0
199548161,1,MIGRAINE,19954816.0
199621111,1,MIGRAINE,19962111.0
199653231,1,PRODUCT USED FOR UNKNOWN INDICATION,19965323.0
199655241,1,PRODUCT USED FOR UNKNOWN INDICATION,19965524.0
199730862,1,PRODUCT USED FOR UNKNOWN INDICATION,19973086.0
199770821,1,MIGRAINE,19977082.0
199812401,1,MIGRAINE,19981240.0
199813621,1,PRODUCT USED FOR UNKNOWN INDICATION,19981362.0
199832131,1,PRODUCT USED FOR UNKNOWN INDICATION,19983213.0
199832261,1,PRODUCT USED FOR UNKNOWN INDICATION,19983226.0
199900552,1,MIGRAINE,19990055.0
199900552,4,PRODUCT USED FOR UNKNOWN INDICATION,19990055.0
200027811,1,PRODUCT USED FOR UNKNOWN INDICATION,20002781.0
200111311,1,PRODUCT USED FOR UNKNOWN INDICATION,20011131.0
200175751,1,PRODUCT USED FOR UNKNOWN INDICATION,20017575.0
200449031,1,PRODUCT USED FOR UNKNOWN INDICATION,20044903.0
200449031,2,DEPRESSION,20044903.0
200449031,3,MIGRAINE,20044903.0
200449031,4,INSOMNIA,20044903.0
200449031,5,INITIAL INSOMNIA,20044903.0
200456991,1,MIGRAINE,20045699.0
200457002,1,MIGRAINE,20045700.0
200457381,1,MIGRAINE,20045738.0
200457921,1,MIGRAINE,20045792.0
200464941,1,PRODUCT USED FOR UNKNOWN INDICATION,20046494.0
200467772,1,MIGRAINE,20046777.0
200467772,2,PRODUCT USED FOR UNKNOWN INDICATION,20046777.0
200474281,1,PRODUCT USED FOR UNKNOWN INDICATION,20047428.0
200505021,1,MIGRAINE,20050502.0
200515521,1,MIGRAINE,20051552.0
200568481,1,PRODUCT USED FOR UNKNOWN INDICATION,20056848.0
200605451,1,PRODUCT USED FOR UNKNOWN INDICATION,20060545.0
200799081,1,PRODUCT USED FOR UNKNOWN INDICATION,20079908.0
200838401,1,PRODUCT USED FOR UNKNOWN INDICATION,20083840.0
200936291,1,MIGRAINE,20093629.0
200936291,2,PROPHYLAXIS,20093629.0
200983421,1,PRODUCT USED FOR UNKNOWN INDICATION,20098342.0
201211941,1,PRODUCT USED FOR UNKNOWN INDICATION,20121194.0
201252991,1,MIGRAINE,20125299.0
201543601,1,PRODUCT USED FOR UNKNOWN INDICATION,20154360.0
201545591,1,PRODUCT USED FOR UNKNOWN INDICATION,20154559.0
201629462,1,PRODUCT USED FOR UNKNOWN INDICATION,20162946.0
201690631,1,MIGRAINE,20169063.0
201735391,1,MIGRAINE,20173539.0
190638982,1,MIGRAINE,19063898.0
201711582,1,PRODUCT USED FOR UNKNOWN INDICATION,20171158.0
202776771,1,MIGRAINE,20277677.0
203208222,1,PRODUCT USED FOR UNKNOWN INDICATION,20320822.0
203497221,1,PRODUCT USED FOR UNKNOWN INDICATION,20349722.0
203675681,1,PRODUCT USED FOR UNKNOWN INDICATION,20367568.0
203678211,1,MIGRAINE,20367821.0
203732201,1,PRODUCT USED FOR UNKNOWN INDICATION,20373220.0
203732212,1,PRODUCT USED FOR UNKNOWN INDICATION,20373221.0
203732791,1,PRODUCT USED FOR UNKNOWN INDICATION,20373279.0
203732801,1,PRODUCT USED FOR UNKNOWN INDICATION,20373280.0
203806501,1,MIGRAINE,20380650.0
203846641,1,PRODUCT USED FOR UNKNOWN INDICATION,20384664.0
203891581,1,MIGRAINE,20389158.0
204085481,1,PRODUCT USED FOR UNKNOWN INDICATION,20408548.0
204141561,1,MIGRAINE,20414156.0
204141561,2,PRODUCT USED FOR UNKNOWN INDICATION,20414156.0
204513851,1,MIGRAINE,20451385.0
204548911,1,PRODUCT USED FOR UNKNOWN INDICATION,20454891.0
204574521,1,PRODUCT USED FOR UNKNOWN INDICATION,20457452.0
204771431,1,MIGRAINE,20477143.0
204813231,1,PRODUCT USED FOR UNKNOWN INDICATION,20481323.0
205277451,1,MIGRAINE,20527745.0
206104941,1,MIGRAINE,20610494.0
206348831,1,MIGRAINE,20634883.0
206349071,1,PRODUCT USED FOR UNKNOWN INDICATION,20634907.0
206469721,1,PRODUCT USED FOR UNKNOWN INDICATION,20646972.0
206548011,1,PRODUCT USED FOR UNKNOWN INDICATION,20654801.0
200305442,1,PRODUCT USED FOR UNKNOWN INDICATION,20030544.0
200305442,4,ANXIETY,20030544.0
200305442,5,DEPRESSION,20030544.0
200305442,9,NAUSEA,20030544.0
200305442,13,HEADACHE,20030544.0
206561353,1,MIGRAINE,20656135.0
206667761,1,PRODUCT USED FOR UNKNOWN INDICATION,20666776.0
206943851,1,MIGRAINE,20694385.0
207009951,1,PRODUCT USED FOR UNKNOWN INDICATION,20700995.0
207010012,1,PRODUCT USED FOR UNKNOWN INDICATION,20701001.0
207323951,1,PRODUCT USED FOR UNKNOWN INDICATION,20732395.0
207375331,1,MIGRAINE,20737533.0
207443921,1,MIGRAINE,20744392.0
207482751,1,HEADACHE,20748275.0
207514261,1,MIGRAINE,20751426.0
207663361,1,PRODUCT USED FOR UNKNOWN INDICATION,20766336.0
208165451,1,MIGRAINE,20816545.0
208309801,1,PRODUCT USED FOR UNKNOWN INDICATION,20830980.0
208331611,1,MIGRAINE,20833161.0
208372481,1,MIGRAINE,20837248.0
208590781,1,MIGRAINE,20859078.0
208653661,1,PRODUCT USED FOR UNKNOWN INDICATION,20865366.0
209172821,1,MIGRAINE,20917282.0
209222011,1,MIGRAINE,20922201.0
209223801,1,PRODUCT USED FOR UNKNOWN INDICATION,20922380.0
209320671,1,PRODUCT USED FOR UNKNOWN INDICATION,20932067.0
209807791,1,PRODUCT USED FOR UNKNOWN INDICATION,20980779.0
210827332,1,MIGRAINE,21082733.0
210827332,2,PROPHYLAXIS OF NAUSEA AND VOMITING,21082733.0
211476112,1,MIGRAINE,21147611.0
211476112,4,NEURALGIA,21147611.0
211724982,1,MIGRAINE,21172498.0
211736851,1,PRODUCT USED FOR UNKNOWN INDICATION,21173685.0
211769842,1,MIGRAINE,21176984.0
211769842,2,DYSURIA,21176984.0
211769842,3,AMYOTROPHIC LATERAL SCLEROSIS,21176984.0
211769842,4,VITAMIN SUPPLEMENTATION,21176984.0
211979021,1,PRODUCT USED FOR UNKNOWN INDICATION,21197902.0
212019061,1,PRODUCT USED FOR UNKNOWN INDICATION,21201906.0
212129321,1,MIGRAINE,21212932.0
212168322,1,MIGRAINE,21216832.0
212186592,1,MIGRAINE,21218659.0
212308101,1,MIGRAINE,21230810.0
212549121,1,PRODUCT USED FOR UNKNOWN INDICATION,21254912.0
212549141,1,PRODUCT USED FOR UNKNOWN INDICATION,21254914.0
212683241,1,PRODUCT USED FOR UNKNOWN INDICATION,21268324.0
212711451,1,PRODUCT USED FOR UNKNOWN INDICATION,21271145.0
212715641,1,PRODUCT USED FOR UNKNOWN INDICATION,21271564.0
213156691,1,MIGRAINE,21315669.0
213212951,1,MIGRAINE,21321295.0
213213561,1,MIGRAINE,21321356.0
213467671,1,MIGRAINE,21346767.0
213872001,1,PRODUCT USED FOR UNKNOWN INDICATION,21387200.0
213889501,1,MIGRAINE,21388950.0
213889531,1,MIGRAINE,21388953.0
210374543,1,MIGRAINE,21037454.0
210711412,1,MIGRAINE,21071141.0
213999581,1,MIGRAINE,21399958.0
214119051,1,PRODUCT USED FOR UNKNOWN INDICATION,21411905.0
214457411,1,PRODUCT USED FOR UNKNOWN INDICATION,21445741.0
214518691,1,PRODUCT USED FOR UNKNOWN INDICATION,21451869.0
214627551,1,MIGRAINE,21462755.0
214818671,1,MIGRAINE,21481867.0
214818671,2,PRODUCT USED FOR UNKNOWN INDICATION,21481867.0
215051261,1,MIGRAINE,21505126.0
215146033,1,MIGRAINE,21514603.0
215146033,2,TRIGEMINAL NEURALGIA,21514603.0
215146033,3,IDIOPATHIC INTRACRANIAL HYPERTENSION,21514603.0
215146033,4,GASTROOESOPHAGEAL REFLUX DISEASE,21514603.0
215146033,9,VOMITING,21514603.0
215509991,1,PRODUCT USED FOR UNKNOWN INDICATION,21550999.0
215669911,1,PRODUCT USED FOR UNKNOWN INDICATION,21566991.0
216193171,1,MIGRAINE,21619317.0
216300751,1,PRODUCT USED FOR UNKNOWN INDICATION,21630075.0
216300771,1,MIGRAINE,21630077.0
216514261,1,PRODUCT USED FOR UNKNOWN INDICATION,21651426.0
216648931,1,MIGRAINE,21664893.0
217330241,1,PRODUCT USED FOR UNKNOWN INDICATION,21733024.0
197984043,1,MIGRAINE WITHOUT AURA,19798404.0
197984043,2,MIGRAINE,19798404.0
197984043,3,COVID-19 PROPHYLAXIS,19798404.0
197984043,5,NEURALGIA,19798404.0
197984043,6,PRODUCT USED FOR UNKNOWN INDICATION,19798404.0
213959503,1,MIGRAINE,21395950.0
213959503,3,EPILEPSY,21395950.0
219042061,1,MIGRAINE,21904206.0
219074251,1,MIGRAINE,21907425.0
219275771,1,MIGRAINE,21927577.0
219336071,1,CLUSTER HEADACHE,21933607.0
220055921,1,MIGRAINE,22005592.0
220174401,1,MIGRAINE,22017440.0
220174401,3,PRODUCT USED FOR UNKNOWN INDICATION,22017440.0
220178981,1,PRODUCT USED FOR UNKNOWN INDICATION,22017898.0
220309222,1,PRODUCT USED FOR UNKNOWN INDICATION,22030922.0
220309222,2,HEADACHE,22030922.0
220554781,1,MIGRAINE,22055478.0
220948761,1,MIGRAINE,22094876.0
221010161,1,MIGRAINE,22101016.0
221089061,1,PRODUCT USED FOR UNKNOWN INDICATION,22108906.0
221094112,1,MIGRAINE,22109411.0
221196041,1,PRODUCT USED FOR UNKNOWN INDICATION,22119604.0
221396191,1,PRODUCT USED FOR UNKNOWN INDICATION,22139619.0
213656975,1,MIGRAINE,21365697.0
221639071,1,PRODUCT USED FOR UNKNOWN INDICATION,22163907.0
221883771,1,MIGRAINE,22188377.0
221883771,2,PRODUCT USED FOR UNKNOWN INDICATION,22188377.0
221948571,1,MIGRAINE,22194857.0
222211241,1,MIGRAINE,22221124.0
222255521,1,PRODUCT USED FOR UNKNOWN INDICATION,22225552.0
222505451,1,MIGRAINE,22250545.0
222794991,1,PRODUCT USED FOR UNKNOWN INDICATION,22279499.0
222795031,1,PRODUCT USED FOR UNKNOWN INDICATION,22279503.0
222821541,1,PRODUCT USED FOR UNKNOWN INDICATION,22282154.0
222916581,1,MIGRAINE,22291658.0
222916581,2,PRODUCT USED FOR UNKNOWN INDICATION,22291658.0
222940171,1,MIGRAINE,22294017.0
222974201,1,MIGRAINE,22297420.0
222991941,1,PRODUCT USED FOR UNKNOWN INDICATION,22299194.0
223368231,1,MIGRAINE,22336823.0
223543291,1,PRODUCT USED FOR UNKNOWN INDICATION,22354329.0
223649231,1,CLUSTER HEADACHE,22364923.0
223649231,3,HEADACHE,22364923.0
223911871,1,PRODUCT USED FOR UNKNOWN INDICATION,22391187.0
223939281,1,MIGRAINE,22393928.0
226078331,1,MIGRAINE,22607833.0
226277781,1,PRODUCT USED FOR UNKNOWN INDICATION,22627778.0
227972881,1,MIGRAINE,22797288.0
228254401,1,PRODUCT USED FOR UNKNOWN INDICATION,22825440.0
228512121,1,MIGRAINE,22851212.0
228744541,1,PRODUCT USED FOR UNKNOWN INDICATION,22874454.0
229100781,1,MIGRAINE,22910078.0
229147991,1,MIGRAINE,22914799.0
229148001,1,MIGRAINE,22914800.0
229039812,1,MIGRAINE WITHOUT AURA,22903981.0
229039812,2,NEW DAILY PERSISTENT HEADACHE,22903981.0
229039812,3,FACIAL PAIN,22903981.0
229039812,4,PRODUCT USED FOR UNKNOWN INDICATION,22903981.0
229619773,1,PRODUCT USED FOR UNKNOWN INDICATION,22961977.0
231902221,1,MIGRAINE,23190222.0
231902221,2,BLOOD PRESSURE MEASUREMENT,23190222.0
232478721,1,PRODUCT USED FOR UNKNOWN INDICATION,23247872.0
232643951,1,MIGRAINE,23264395.0
232732091,1,PRODUCT USED FOR UNKNOWN INDICATION,23273209.0
233428111,1,MIGRAINE,23342811.0
233898261,1,PRODUCT USED FOR UNKNOWN INDICATION,23389826.0
233943211,1,PRODUCT USED FOR UNKNOWN INDICATION,23394321.0
234018503,1,MIGRAINE,23401850.0
234059761,1,MIGRAINE,23405976.0
234095301,1,MIGRAINE,23409530.0
234095301,3,PRODUCT USED FOR UNKNOWN INDICATION,23409530.0
234621131,1,PRODUCT USED FOR UNKNOWN INDICATION,23462113.0
234680341,1,HEADACHE,23468034.0
234914061,1,MIGRAINE,23491406.0
234990251,1,PRODUCT USED FOR UNKNOWN INDICATION,23499025.0
234990251,2,MIGRAINE WITH AURA,23499025.0
235479741,1,PRODUCT USED FOR UNKNOWN INDICATION,23547974.0
235734471,1,CLUSTER HEADACHE,23573447.0
235734471,2,MIGRAINE,23573447.0
236082711,1,MIGRAINE WITHOUT AURA,23608271.0
236144571,1,MIGRAINE,23614457.0
236257421,1,PRODUCT USED FOR UNKNOWN INDICATION,23625742.0
236319571,1,MIGRAINE,23631957.0
237433271,1,MIGRAINE,23743327.0
237446911,1,MIGRAINE,23744691.0
237523901,1,MIGRAINE,23752390.0
237810102,1,MIGRAINE,23781010.0
238046271,1,MIGRAINE,23804627.0
238125071,1,MIGRAINE,23812507.0
238282971,1,MIGRAINE,23828297.0
238282971,2,PRODUCT USED FOR UNKNOWN INDICATION,23828297.0
238321481,1,MIGRAINE,23832148.0
238321481,2,PRODUCT USED FOR UNKNOWN INDICATION,23832148.0
238393632,1,MIGRAINE,23839363.0
238393632,2,MIGRAINE WITH AURA,23839363.0
239695061,1,MIGRAINE,23969506.0
240036491,1,MIGRAINE,24003649.0
240246711,1,PRODUCT USED FOR UNKNOWN INDICATION,24024671.0
237999502,1,MIGRAINE,23799950.0
237999502,2,PRODUCT USED FOR UNKNOWN INDICATION,23799950.0
238102682,1,MIGRAINE,23810268.0
238102682,2,CEREBRAL INFARCTION,23810268.0
239158543,1,MIGRAINE,23915854.0
242295741,1,MIGRAINE,24229574.0
242597661,1,PRODUCT USED FOR UNKNOWN INDICATION,24259766.0
242687791,1,MIGRAINE,24268779.0
242795021,1,MIGRAINE,24279502.0
243093591,1,MIGRAINE,24309359.0
243556621,1,MIGRAINE,24355662.0
243556621,2,PRODUCT USED FOR UNKNOWN INDICATION,24355662.0
243556621,3,PAIN,24355662.0
242449273,1,MIGRAINE,24244927.0
242449273,5,HYPERTENSION,24244927.0
243816081,1,PRODUCT USED FOR UNKNOWN INDICATION,24381608.0
244092911,1,MIGRAINE,24409291.0
245582671,1,MIGRAINE,24558267.0
245582981,1,MIGRAINE,24558298.0
245848032,1,MIGRAINE,24584803.0
245848032,4,INITIAL INSOMNIA,24584803.0
245848032,5,ORTHOSTATIC INTOLERANCE,24584803.0
246075141,1,MIGRAINE,24607514.0
246075141,2,MIGRAINE PROPHYLAXIS,24607514.0
246075141,4,SINUSITIS,24607514.0
246075141,6,BRUXISM,24607514.0
246075141,7,BIPOLAR DISORDER,24607514.0
246075141,8,SEASONAL ALLERGY,24607514.0
246075141,9,OSTEOARTHRITIS,24607514.0
246075141,10,IMMUNODEFICIENCY,24607514.0
246075141,11,ACNE,24607514.0
246215061,1,MIGRAINE,24621506.0
246215061,2,PRODUCT USED FOR UNKNOWN INDICATION,24621506.0
247270191,1,MIGRAINE,24727019.0
248979871,1,MIGRAINE,24897987.0
249707301,1,PRODUCT USED FOR UNKNOWN INDICATION,24970730.0
249787571,1,MIGRAINE,24978757.0
249787571,2,HEADACHE,24978757.0
249955221,1,MIGRAINE,24995522.0
251197981,1,PRODUCT USED FOR UNKNOWN INDICATION,25119798.0
251319121,1,MIGRAINE,25131912.0
