﻿primaryid,pt
174315911,FEELING ABNORMAL
174645941,SOMNOLENCE
174697081,MYALGIA
174699341,SEDATION
174700321,HALLUCINATION
174700321,SOMNOLENCE
174925171,FEELING DRUNK
174966831,EUPHORIC MOOD
174966831,FEELING ABNORMAL
174966831,HALLUCINATION
174966831,NIGHTMARE
174966831,SOMNOLENCE
174975301,SEDATION
174980431,FEELING ABNORMAL
175009961,HYPERSOMNIA
175103161,CHEST DISCOMFORT
175103161,PANIC ATTACK
175103161,WITHDRAWAL SYNDROME
175155171,EUPHORIC MOOD
175155171,FEELING ABNORMAL
175155171,SOMNOLENCE
175178201,NAUSEA
175280201,BLOOD GLUCOSE DECREASED
175280201,FEELING ABNORMAL
175280201,MALAISE
175280201,NAUSEA
175310581,ASTHENIA
175310581,FEELING ABNORMAL
175310581,SENSORY DISTURBANCE
175336571,CHEST PAIN
175347901,DRUG INEFFECTIVE
175347901,FEELING ABNORMAL
175347901,MIGRAINE
175353871,DIZZINESS
175386491,DRUG INEFFECTIVE
175386491,FEELING JITTERY
175386491,MUSCLE TWITCHING
175386491,MYDRIASIS
175386491,PSYCHOMOTOR HYPERACTIVITY
175386491,TREMOR
175405851,DRUG INEFFECTIVE
175405851,FEELING ABNORMAL
175405851,NERVOUSNESS
175418752,DIZZINESS
175573671,DIZZINESS
175573671,MIGRAINE
175573671,NAUSEA
175573671,VISION BLURRED
175573911,FEELING DRUNK
175573911,FEELING HOT
175573911,GAIT DISTURBANCE
175573911,HEADACHE
175573911,SPEECH DISORDER
175573911,TREMOR
175617691,CHEST DISCOMFORT
175617691,PANIC ATTACK
175617691,WITHDRAWAL SYNDROME
175632851,AGITATION
175632851,CHOKING SENSATION
175632851,COGNITIVE DISORDER
175632851,CONFUSIONAL STATE
175632851,DIZZINESS
175632851,DYSGEUSIA
175632851,DYSKINESIA
175632851,FEELING ABNORMAL
175632851,GAIT DISTURBANCE
175632851,"HALLUCINATION, VISUAL"
175632851,MEMORY IMPAIRMENT
175632851,PALPITATIONS
175632851,READING DISORDER
175632851,SEROTONIN SYNDROME
175632851,SPEECH DISORDER
175632851,THINKING ABNORMAL
175632851,TREMOR
175632851,TRISMUS
175632851,VERTIGO
175632851,VISUAL IMPAIRMENT
175632851,VOMITING
175668711,FEELING ABNORMAL
175683001,DIZZINESS
175683001,DRUG INEFFECTIVE
175683001,NAUSEA
175779241,DRUG HYPERSENSITIVITY
175810091,NAUSEA
175810111,DRUG INEFFECTIVE
175811811,SOMNOLENCE
176056801,SOMNOLENCE
176084831,ANXIETY
176084831,DYSPHORIA
174983522,ABDOMINAL DISCOMFORT
174983522,CHEST DISCOMFORT
174983522,FEELING ABNORMAL
174983522,MIGRAINE WITH AURA
174992574,DISORIENTATION
174992574,DIZZINESS
174992574,FATIGUE
174992574,MALAISE
174992574,PARAESTHESIA
175520072,ASTHENIA
175520072,DRUG INEFFECTIVE
175520072,DYSARTHRIA
175520072,FEELING ABNORMAL
175520072,PALPITATIONS
175520072,PANIC ATTACK
175849432,DIZZINESS
175849432,DYSARTHRIA
175849432,EUPHORIC MOOD
175849432,FEELING ABNORMAL
175849432,HYPOAESTHESIA
175849432,MIGRAINE
175849432,SOMNOLENCE
176106811,DIZZINESS
176106811,PARAESTHESIA
176106811,SEDATION
176112281,BURNING SENSATION
176112281,HEADACHE
176124661,DRUG INTERACTION
176124661,TINNITUS
176124661,TREMOR
176318331,DRUG INTOLERANCE
176352451,FEELING DRUNK
176352451,GAIT DISTURBANCE
176352451,PARAESTHESIA
176352451,SEDATION
176560151,FATIGUE
176623511,AGITATION
176623511,ARTHROPATHY
176623511,DIZZINESS
176623511,FATIGUE
176623511,FEELING HOT
176623511,HALLUCINATION
176623511,INSOMNIA
176623511,PARAESTHESIA
176623511,RESTLESSNESS
176623511,SOMNOLENCE
176623511,VISUAL BRIGHTNESS
176623511,YAWNING
176625421,MALAISE
176625421,NAUSEA
176626211,SOMNOLENCE
176678781,MATERNAL EXPOSURE DURING BREAST FEEDING
176793002,DYSPHORIA
176793002,MIGRAINE
176793002,NEGATIVE THOUGHTS
177153961,DIZZINESS
177228661,DIZZINESS
177228661,SOMNOLENCE
177228671,DIZZINESS
177228671,SOMNOLENCE
177400281,FEELING ABNORMAL
177400281,HEART RATE INCREASED
177400281,PANIC ATTACK
177400281,SEROTONIN SYNDROME
177445651,DIZZINESS
177516721,DIZZINESS
177516721,NAUSEA
177516721,VISUAL IMPAIRMENT
177570632,FEELING ABNORMAL
177630291,DIZZINESS
177630291,NAUSEA
177630291,VISUAL IMPAIRMENT
177681091,DIZZINESS
177721011,DIZZINESS
177721011,FEELING ABNORMAL
177843671,DIZZINESS
177847781,NAUSEA
177879991,FATIGUE
177879991,SOMNOLENCE
177945441,DIZZINESS
177994491,PANIC ATTACK
178087391,DIZZINESS
178088911,DIZZINESS
178088911,FEAR OF FALLING
178088921,DIZZINESS
178088921,FEAR OF FALLING
178121642,COGNITIVE DISORDER
178121642,MIGRAINE
178128092,EUPHORIC MOOD
178128092,HEADACHE
178128092,LOGORRHOEA
178128092,THERAPEUTIC PRODUCT EFFECT DECREASED
178128092,WRONG TECHNIQUE IN PRODUCT USAGE PROCESS
178129992,FEELING ABNORMAL
178129992,HEADACHE
178129992,MALAISE
178129992,PARAESTHESIA
178129992,WRONG TECHNIQUE IN PRODUCT USAGE PROCESS
178132181,DIZZINESS
178132181,FEELING ABNORMAL
178132181,NAUSEA
178181441,SOMNOLENCE
178257171,HALLUCINATION
178355081,FEELING ABNORMAL
178355081,HYPERTENSION
178355081,SEDATION
178464361,DIZZINESS
178468421,CHEST DISCOMFORT
178471661,SOMNOLENCE
178477791,AUTOSCOPY
178477791,DYSPNOEA
178477791,PANIC ATTACK
178478991,DIZZINESS
178556011,SEDATION
178766211,MIGRAINE
178766211,PHOTOPHOBIA
178796931,DIZZINESS
178798401,DIZZINESS
178798401,VERTIGO
178861311,DRUG INEFFECTIVE
178861311,HOT FLUSH
178861311,INTENTIONAL PRODUCT MISUSE
178861311,NAUSEA
178861311,SOMNOLENCE
178874151,PARAESTHESIA
178976581,FATIGUE
179077111,ABDOMINAL PAIN UPPER
179085371,DRUG INTOLERANCE
179140421,SEDATION
179181971,SOMNOLENCE
179194361,DIZZINESS
179202601,DRUG INTERACTION
179202601,HEART RATE INCREASED
179202601,MUSCLE TIGHTNESS
179202601,SEROTONIN SYNDROME
179229881,DIZZINESS
179229881,FEELING HOT
179229881,GAIT INABILITY
179229881,HALLUCINATION
179229881,LETHARGY
179229881,MUSCLE SPASMS
179248981,GAIT DISTURBANCE
179248981,HYPOAESTHESIA
179248981,HYPOAESTHESIA ORAL
179250791,DIZZINESS
179250791,SOMNOLENCE
179263411,PRODUCT PRESCRIBING ERROR
179263451,FEELING ABNORMAL
179263451,GAIT INABILITY
179263451,MOTOR DYSFUNCTION
179300851,COGNITIVE DISORDER
179300851,SOMNOLENCE
179301201,DIZZINESS
179301201,HEART RATE INCREASED
179301201,HYPOAESTHESIA
179301201,INSOMNIA
179301201,NEUROLOGICAL SYMPTOM
179301201,PARAESTHESIA
179305261,INSOMNIA
179305261,PARAESTHESIA
179306201,BLOOD PRESSURE INCREASED
179306201,CRYING
179306201,DEPRESSED MOOD
179306201,EMOTIONAL DISORDER
179306201,PARAESTHESIA
179319101,HEADACHE
179319101,PRESCRIBED OVERDOSE
179319101,SOMNOLENCE
179331741,ASTHENIA
179331741,CONSTIPATION
179331741,DISORIENTATION
179331741,GASTRIC DISORDER
179331741,GENERAL PHYSICAL HEALTH DETERIORATION
179331741,HALLUCINATION
179331741,MOBILITY DECREASED
179331741,RENAL FAILURE
179331741,URINARY INCONTINENCE
179337611,FEELING DRUNK
179337611,THERAPEUTIC PRODUCT EFFECT DECREASED
179393521,DIZZINESS
179393521,DRUG INEFFECTIVE
179407651,SEDATION
179418361,DIZZINESS
179418361,HEART RATE INCREASED
179418361,HYPOAESTHESIA
179418361,INSOMNIA
179418361,PARAESTHESIA
179378782,DYSPNOEA
179378782,PALPITATIONS
179378782,TACHYCARDIA
179458482,SEROTONIN SYNDROME
179743461,DIZZINESS
179743461,PARAESTHESIA
179744291,SEDATION
179744291,SOMNOLENCE
179744301,SEDATION
179744301,SOMNOLENCE
179753221,GAIT DISTURBANCE
179753221,PARAESTHESIA
179753221,SOMNOLENCE
179753221,VISION BLURRED
179841981,DIZZINESS
179841981,SOMNOLENCE
179844881,NAUSEA
179856701,HALLUCINATION
179860391,"HALLUCINATION, VISUAL"
179885021,ABDOMINAL DISCOMFORT
179885021,CHILLS
179885021,CONFUSIONAL STATE
179885021,DYSTONIA
179885021,HYPERHIDROSIS
179885021,HYPERREFLEXIA
179885021,HYPERTENSION
179885021,SEROTONIN SYNDROME
179885021,TACHYCARDIA
179885021,TREMOR
179891011,COORDINATION ABNORMAL
179891011,DIZZINESS
179891011,LOSS OF PROPRIOCEPTION
179891011,MALAISE
179891011,SEROTONIN SYNDROME
179891011,SPEECH DISORDER
179901451,FEELING ABNORMAL
179909041,HANGOVER
179918262,ANXIETY
179918262,DIZZINESS
179918262,FATIGUE
179918262,FEELING DRUNK
179918262,HYPOAESTHESIA ORAL
179918262,INJECTION SITE PAIN
179918262,MIGRAINE
179918262,MUSCULAR WEAKNESS
179918262,NAUSEA
179918262,PAIN
179918262,PARAESTHESIA ORAL
179918262,VERTIGO
179918262,VOMITING
179951751,DRUG INEFFECTIVE
180021131,FEELING ABNORMAL
180141311,SEDATION
180156251,FEELING ABNORMAL
180160331,"HALLUCINATION, VISUAL"
180171441,SOMNOLENCE
180210741,MUSCLE TWITCHING
180242071,DIZZINESS
180242071,SOMNOLENCE
180289381,DRUG INEFFECTIVE
180313051,CHEST DISCOMFORT
180313051,DIZZINESS
180313051,DYSPNOEA
180313051,TREMOR
180335111,NAUSEA
180394341,TREMOR
180400591,BALANCE DISORDER
180400591,FALL
180400591,HEAD INJURY
180400591,MOBILITY DECREASED
180402671,HALLUCINATION
180414101,DIZZINESS
180414101,MIGRAINE
180462321,FEELING ABNORMAL
180502341,BALANCE DISORDER
180502341,DRUG INEFFECTIVE
180502341,TINNITUS
180502341,VERTIGO
180511291,ABNORMAL DREAMS
180511291,FEELING ABNORMAL
180511291,PANIC ATTACK
180538721,SEDATION
180566241,ABNORMAL DREAMS
180686661,CEREBROVASCULAR ACCIDENT
180735721,RASH
180742231,HALLUCINATION
180768701,THERAPEUTIC RESPONSE DECREASED
180826491,SEDATION
180954181,SEDATION
180965552,ACUTE KIDNEY INJURY
180965552,NAUSEA
180965552,SOMNOLENCE
180965552,VOMITING
180990281,DRUG INEFFECTIVE
180990281,MIGRAINE
181006251,FATIGUE
181055921,DRUG INEFFECTIVE
181079261,FATIGUE
181101631,FATIGUE
181101631,FEELING ABNORMAL
181101631,SLUGGISHNESS
181155811,SEROTONIN SYNDROME
181319081,EUPHORIC MOOD
181348901,ABDOMINAL DISCOMFORT
181348901,NAUSEA
181406141,DRUG INEFFECTIVE
181406141,HYPERSOMNIA
181525881,FEELING ABNORMAL
181525881,LETHARGY
181602841,COGNITIVE DISORDER
181602841,FEELING ABNORMAL
181643141,DIZZINESS
181643141,FEELING ABNORMAL
181660841,ABNORMAL DREAMS
181660841,ASTHENIA
181660841,DRUG INEFFECTIVE
181660841,NAUSEA
181660841,PARAESTHESIA
181660841,SLOW SPEECH
181660841,SPEECH DISORDER
181666811,SEROTONIN SYNDROME
181702521,DIZZINESS
181703581,SOMNOLENCE
181768971,ABNORMAL DREAMS
181770491,DRUG INEFFECTIVE
181809552,FLUSHING
181812481,FEELING ABNORMAL
181894041,MIGRAINE
181894041,WRONG TECHNIQUE IN PRODUCT USAGE PROCESS
181953061,HALLUCINATION
181958491,PARALYSIS
181993401,HYPERSOMNIA
181993511,ATRIAL FIBRILLATION
181995401,FEELING ABNORMAL
182000981,FATIGUE
182000981,SEDATION
182090711,DRUG INEFFECTIVE
182095561,DRUG INEFFECTIVE
182097241,DIZZINESS
182097241,EUPHORIC MOOD
182098221,DIZZINESS
182098221,EUPHORIC MOOD
182151601,ABNORMAL DREAMS
182151601,HALLUCINATION
182237331,SOMNOLENCE
182341351,DIZZINESS
182359951,ILLNESS
182439391,DEPRESSION
182439391,DIZZINESS
182439391,HEADACHE
182439391,NAUSEA
182454341,HALLUCINATION
182500311,DIZZINESS
182503191,SEROTONIN SYNDROME
182519191,ABDOMINAL DISCOMFORT
182519191,AGITATION
182519191,ANXIETY
182519191,APHASIA
182519191,CRYING
182519191,DIARRHOEA
182519191,DIZZINESS
182519191,GAIT DISTURBANCE
182519191,HEADACHE
182519191,LETHARGY
182519191,LOSS OF CONSCIOUSNESS
182519191,MEMORY IMPAIRMENT
182519191,MUSCLE TWITCHING
182519191,NAUSEA
182519191,NERVOUSNESS
182519191,PHOTOSENSITIVITY REACTION
182519191,SEROTONIN SYNDROME
182519191,VOMITING
182541291,ADVERSE DRUG REACTION
182549041,DIZZINESS
182549041,EUPHORIC MOOD
182549041,FEELING ABNORMAL
182549041,SEDATION
182591811,SEXUAL DYSFUNCTION
182639301,SEDATION
182643832,ADVERSE EVENT
182645751,SEDATION
182645751,SOMNOLENCE
182693921,DIZZINESS
182697501,DIZZINESS
182713571,BALANCE DISORDER
182713571,FEELING ABNORMAL
182713571,LOSS OF CONSCIOUSNESS
182713571,THERAPEUTIC PRODUCT EFFECT INCOMPLETE
182725551,DIZZINESS
182753061,SOMNOLENCE
182753071,SOMNOLENCE
182845761,PARALYSIS
182888141,ANXIETY
182888141,PANIC ATTACK
183079921,DIZZINESS
183079921,DRUG INEFFECTIVE
183079921,FEELING ABNORMAL
183079921,HYPOAESTHESIA
183079921,HYPOKINESIA
183079921,ILLNESS
183079921,NAUSEA
183079921,PAIN
183079921,PARAESTHESIA
183079921,TREMOR
183129831,MUSCULAR WEAKNESS
183132261,DRUG INEFFECTIVE
183221411,DIZZINESS
183221411,DRUG INEFFECTIVE
183253901,DIZZINESS
179911592,NAUSEA
179911592,VOMITING
180227152,SOMNOLENCE
180227152,TACHYPHRENIA
182731502,SEROTONIN SYNDROME
183216593,DRUG INEFFECTIVE
183350131,MIGRAINE
183351771,SINUS DISORDER
183361571,FEELING ABNORMAL
183363061,RESTLESSNESS
183363061,TINNITUS
183363061,VOMITING
183363602,NO ADVERSE EVENT
183366941,DIZZINESS
183366941,FATIGUE
183383951,"HALLUCINATION, VISUAL"
183389161,DRUG INEFFECTIVE
183398151,DIZZINESS
183398151,FALL
183447451,DIZZINESS
183447451,VISUAL IMPAIRMENT
183454991,DIZZINESS
183454991,MIGRAINE
183455761,CHEST PAIN
183455761,PANIC ATTACK
183457241,SEROTONIN SYNDROME
183457251,DIZZINESS
183457251,FORMICATION
183457251,HYPOAESTHESIA
183457251,HYPOAESTHESIA ORAL
183457251,PARAESTHESIA
183457251,PARAESTHESIA ORAL
183464531,MUSCULAR WEAKNESS
183467151,SEDATION
183505841,DISORIENTATION
183505841,DRUG INEFFECTIVE
183505841,NAUSEA
183510951,SOMNOLENCE
183516702,NAUSEA
183516702,SEROTONIN SYNDROME
183516702,VOMITING
183521491,DRUG INEFFECTIVE
183521631,SOMNOLENCE
183553691,FATIGUE
183553691,HEADACHE
183553691,MIGRAINE
183615221,DIZZINESS
183615221,SOMNOLENCE
183620661,SEDATION
183668341,FATIGUE
183668951,BALANCE DISORDER
183668951,FEELING ABNORMAL
183668951,NAUSEA
183671491,SOMNOLENCE
183774791,DRUG INEFFECTIVE
183883901,DIZZINESS
183883901,FEELING ABNORMAL
183883901,SOMNOLENCE
184054681,EUPHORIC MOOD
184054681,FEELING ABNORMAL
184054681,HYPERSOMNIA
184266591,ANXIETY
184266591,DIZZINESS
184266591,GAIT DISTURBANCE
184266591,HEART RATE INCREASED
184266591,HYPOAESTHESIA
184266591,PARAESTHESIA
184274671,FATIGUE
184274671,SOMNOLENCE
184280371,FEELING OF BODY TEMPERATURE CHANGE
184285231,DRUG INEFFECTIVE
184285231,FEELING DRUNK
184285231,SEDATION
184286831,HYPOAESTHESIA
184363331,FEELING ABNORMAL
184379611,INSOMNIA
184389591,BLOOD PRESSURE DECREASED
184389591,HEART RATE DECREASED
184397601,SEDATION
184407761,CHEST PAIN
184540211,BLOOD PRESSURE INCREASED
184540211,DIZZINESS
184540211,IMPAIRED DRIVING ABILITY
184540211,PARAESTHESIA
184542431,DIZZINESS
184546671,MUSCULAR WEAKNESS
184546711,DIZZINESS
184552911,ANXIETY
184552911,INSOMNIA
184552911,PARANOIA
184582661,FEELING ABNORMAL
184582661,SEDATION
184587681,BALANCE DISORDER
184587681,DISCOMFORT
184587681,DIZZINESS
184587681,FEELING JITTERY
184588731,FEELING ABNORMAL
184588731,HALLUCINATION
184590491,CHEST DISCOMFORT
184590571,HYPERTENSION
184648041,SOMNOLENCE
184701681,AUTOSCOPY
184734261,FEELING ABNORMAL
184744781,SOMNOLENCE
184755051,DIZZINESS
184756861,DIZZINESS
184756861,SEDATION
184778911,SOMNOLENCE
184804451,FEELING ABNORMAL
184819071,SEDATION
184819071,SOMNOLENCE
184819071,THERAPEUTIC PRODUCT EFFECT INCOMPLETE
184821341,DIZZINESS
184821341,SEDATION
184821351,DIZZINESS
184821351,SEDATION
184827611,MEMORY IMPAIRMENT
184827611,SEDATION
184858271,BALANCE DISORDER
184858271,FEELING DRUNK
184874371,ENERGY INCREASED
184874371,INSOMNIA
184876991,DIZZINESS
184876991,EMOTIONAL DISORDER
184876991,FEELING ABNORMAL
184876991,MOOD ALTERED
184916701,DIZZINESS
184916701,FATIGUE
184916701,NAUSEA
184916701,VOMITING
184964391,DIZZINESS
185072771,DRUG INEFFECTIVE
185072771,VERTIGO
185131341,AUTOSCOPY
185131341,GAIT DISTURBANCE
185136231,DIZZINESS
185136231,SEDATION
185183781,DIZZINESS
185183781,MIGRAINE
185196101,DIZZINESS
185196191,DIZZINESS
185237271,DIZZINESS
185241041,SEDATION
185251121,ABNORMAL DREAMS
185251931,ABNORMAL DREAMS
185354931,DIZZINESS
185354931,FEELING ABNORMAL
185354931,SOMNOLENCE
185357381,DIZZINESS
185363771,DRUG INEFFECTIVE
185466481,HYPOTENSION
185466481,RASH
185467921,DRUG INEFFECTIVE
185467921,MIGRAINE
185467921,SOMNOLENCE
185665331,MALAISE
185665331,SEDATION
185726301,FEELING ABNORMAL
185726341,DIZZINESS
185815671,DRUG INEFFECTIVE
185869161,FEELING ABNORMAL
185876071,EUPHORIC MOOD
185882011,AUTOSCOPY
185902691,SOMNOLENCE
185924951,DIZZINESS
185924951,FALL
185924951,FATIGUE
185924951,SOMNOLENCE
185971801,DIZZINESS
186127931,SOMNOLENCE
186452791,DEPRESSION
186452791,FEELING ABNORMAL
186452791,NEGATIVE THOUGHTS
186581231,SEDATION
186837841,BALANCE DISORDER
186838931,NAUSEA
182694013,AGITATION
182694013,ALTERED STATE OF CONSCIOUSNESS
182694013,BODY TEMPERATURE INCREASED
182694013,CONVERSION DISORDER
182694013,DIARRHOEA
182694013,DISTURBANCE IN ATTENTION
182694013,DIZZINESS
182694013,GAIT DISTURBANCE
182694013,HYPERTHERMIA
182694013,HYPOKINESIA
182694013,LETHARGY
182694013,MEMORY IMPAIRMENT
182694013,MUSCLE TIGHTNESS
182694013,MUSCLE TWITCHING
182694013,MYOCLONUS
182694013,NASOPHARYNGITIS
182694013,NAUSEA
182694013,PHOTOPHOBIA
182694013,SEROTONIN SYNDROME
182694013,SPEECH DISORDER
182694013,TACHYPHRENIA
182694013,VERTIGO
182694013,VOMITING
183612012,FEELING DRUNK
185281392,ANGIOEDEMA
185390552,DIZZINESS
185390552,GAIT DISTURBANCE
185390552,NAUSEA
185390552,PARAESTHESIA
185390552,VOMITING
185770152,MYOCLONUS
186438302,AUTOSCOPY
186536442,FATIGUE
186536442,HYPERSOMNIA
186892732,DISTURBANCE IN ATTENTION
186892732,DIZZINESS
186892732,FEELING ABNORMAL
186892732,HYPOAESTHESIA
186892732,MOBILITY DECREASED
186892732,MUSCULAR WEAKNESS
186892732,PARAESTHESIA
186892732,SOMNOLENCE
186962061,EUPHORIC MOOD
186964391,DIZZINESS
186977671,DIZZINESS
186989741,EUPHORIC MOOD
186990511,MIGRAINE
187040121,DIZZINESS
187041351,AUTOSCOPY
187041351,HALLUCINATION
187069151,DRUG INEFFECTIVE
187076021,ARTHRALGIA
187082041,DRUG INEFFECTIVE
187146062,DYSPNOEA
187146062,PARAESTHESIA ORAL
187146062,PERIPHERAL COLDNESS
187194191,DIZZINESS
187194191,SEDATION
187194721,DIZZINESS
187298321,DIZZINESS
187298321,NAUSEA
187298441,DIZZINESS
187312301,ADVERSE EVENT
187312301,DRUG DEPENDENCE
187315351,DRUG INEFFECTIVE
187315351,FATIGUE
187355441,DIZZINESS
187356641,FEELING ABNORMAL
187363041,DRUG INEFFECTIVE
187363041,PAIN IN EXTREMITY
187363041,RESTLESS LEGS SYNDROME
187374181,HALLUCINATION
187374471,HALLUCINATION
187427481,HOMICIDAL IDEATION
187427481,SEROTONIN SYNDROME
187482941,HALLUCINATION
187482941,NIGHTMARE
187486801,SEROTONIN SYNDROME
187708931,AUTOSCOPY
187721651,ANXIETY
187721651,DIZZINESS
187721651,HYPOAESTHESIA
187721651,NAUSEA
187721651,PARAESTHESIA
187774961,BURNING SENSATION
187833431,GASTRIC DISORDER
187905291,DRUG INEFFECTIVE
187906621,DRUG INEFFECTIVE
187910831,BLOOD PRESSURE INCREASED
187910831,DIZZINESS
187910831,RESTLESS LEGS SYNDROME
187956141,INSOMNIA
187998251,NAUSEA
188023201,HALLUCINATION
188023201,MALAISE
188101631,DRUG INEFFECTIVE
188102611,SOMNOLENCE
188217291,HEART RATE INCREASED
188254591,DIZZINESS
188254591,FALL
188254591,HEAD INJURY
188426461,DIZZINESS
188487841,DIZZINESS
188487841,FEELING ABNORMAL
188534801,FEELING ABNORMAL
188543881,FEELING ABNORMAL
188546481,EUPHORIC MOOD
188596051,DIZZINESS
188596051,FATIGUE
188810641,DIZZINESS
188810641,SEDATION
188874281,DIZZINESS
188874281,SEDATION
188878341,"HALLUCINATION, AUDITORY"
188878341,"HALLUCINATION, VISUAL"
188878341,PARAESTHESIA
188995871,SOMNOLENCE
189003101,HALLUCINATION
189003101,TIME PERCEPTION ALTERED
189008201,DRUG INEFFECTIVE
189008201,HYPOAESTHESIA
189008201,PALPITATIONS
189017271,DIZZINESS
189017271,SOMNOLENCE
189050101,SEIZURE
189056131,HEART RATE INCREASED
189057991,DIZZINESS
189057991,FEELING ABNORMAL
189057991,FEELING JITTERY
189062291,DIZZINESS
189069301,FEELING ABNORMAL
189115551,DIZZINESS
189115551,NAUSEA
189130391,DIZZINESS
189134501,DIZZINESS
189134501,FATIGUE
189170701,SEDATION
189363091,ANXIETY
189412881,SEDATION
189412881,SOMNOLENCE
189461221,FATIGUE
189461232,DIZZINESS
189461232,SEDATION
189462931,ANXIETY
189462931,DRUG INEFFECTIVE
189462931,TREMOR
189463841,FEELING ABNORMAL
189477551,FEELING ABNORMAL
189477551,PARAESTHESIA
189477551,SEDATION
189550221,HYPERSOMNIA
189554791,HALLUCINATION
189664811,DRUG INEFFECTIVE
189665901,HYPOAESTHESIA
189806111,SEROTONIN SYNDROME
189911191,HYPERSENSITIVITY
190037271,EUPHORIC MOOD
190037271,NAUSEA
190037271,VOMITING
190048291,TREMOR
190153932,SEROTONIN SYNDROME
190190401,BRADYCARDIA
190190401,DIZZINESS
190256411,EUPHORIC MOOD
190256431,EUPHORIC MOOD
190274991,SEROTONIN SYNDROME
190366211,DIZZINESS
190366211,DRUG INEFFECTIVE
190366211,SEDATION
190419951,DRUG INEFFECTIVE
190436491,SOMNOLENCE
190436511,SEDATION
190487391,DIZZINESS
190487391,SEDATION
190560171,DIZZINESS
190577061,NAUSEA
190579411,FATIGUE
190579411,FEELING ABNORMAL
190579411,SOMNOLENCE
190579411,VOMITING
190584481,DRUG INEFFECTIVE
190589591,DIZZINESS
190612351,PARAESTHESIA
190637451,SEDATION
190640521,FEELING ABNORMAL
190644511,DRUG INEFFECTIVE
190644511,MIGRAINE
190644521,DIZZINESS
190644521,NAUSEA
190645161,FEELING ABNORMAL
190645161,FEELING DRUNK
190646141,HALLUCINATION
190647651,FATIGUE
190698331,DIZZINESS
190740161,DIZZINESS
190740161,SEDATION
190741751,DIZZINESS
190741751,HYPOAESTHESIA
190741751,PARAESTHESIA
190741751,SEDATION
190742871,SEDATION
190789541,SEROTONIN SYNDROME
190789561,FEELING ABNORMAL
190789561,MALAISE
190789561,MIGRAINE
190802371,DIZZINESS
183325083,FEELING COLD
183325083,FEELING OF BODY TEMPERATURE CHANGE
183325083,HEADACHE
183325083,MUSCLE TWITCHING
183325083,PARAESTHESIA
183325083,PARAESTHESIA ORAL
183690222,NIGHTMARE
184858072,BLOOD PRESSURE INCREASED
184858072,NAUSEA
189317263,DIZZINESS
189317263,HYPERHIDROSIS
189700672,FEELING ABNORMAL
190633582,DRUG INEFFECTIVE
190633582,INSOMNIA
190633582,PARAESTHESIA
190633582,TENSION
190844212,COORDINATION ABNORMAL
190844212,DIZZINESS
190844212,FEELING ABNORMAL
190844212,GAIT DISTURBANCE
190844212,VERTIGO
190851091,HEADACHE
190851121,LIMB DISCOMFORT
190851121,MUSCULAR WEAKNESS
190852531,FATIGUE
190873931,MEMORY IMPAIRMENT
190875662,DISCOMFORT
190875662,FATIGUE
190875662,FEELING ABNORMAL
190876691,FEELING HOT
190881891,DRUG INEFFECTIVE
190882921,DRUG INEFFECTIVE
190922111,DRUG INTERACTION
190922111,"HALLUCINATION, AUDITORY"
190922111,HEART RATE INCREASED
190922111,INSOMNIA
190922111,MIGRAINE
190922111,MOBILITY DECREASED
190925082,ANXIETY
190925082,SEROTONIN SYNDROME
190925082,VISUAL IMPAIRMENT
190925141,SEDATION
190941301,NAUSEA
190941301,VOMITING
190985412,STRESS
190986522,FATIGUE
190989341,DRUG INEFFECTIVE
190990651,MIGRAINE
190990681,HYPERSOMNIA
190990681,SEDATION
191058421,DYSTONIA
191058421,SEIZURE
191074491,SEDATION
191133831,VISUAL IMPAIRMENT
191142151,DEATH
191224771,FATIGUE
191224771,FEELING ABNORMAL
191224771,LOSS OF CONTROL OF LEGS
191231931,THERAPY PARTIAL RESPONDER
191232791,EUPHORIC MOOD
191232791,MENTAL IMPAIRMENT
191240451,FEELING ABNORMAL
191240451,MALAISE
191240451,VOMITING
191350851,NAUSEA
191352371,DRUG INEFFECTIVE
191358801,SEDATION
191361691,DIZZINESS
191364721,DRUG INTERACTION
191364721,FATIGUE
191364721,SEDATION
191367921,SUICIDAL IDEATION
191367942,SUICIDAL IDEATION
191473202,DIZZINESS
191473202,DRUG INEFFECTIVE
191473202,HEADACHE
191478191,DRUG INEFFECTIVE
191563921,DIZZINESS
191600231,SOMNOLENCE
191703951,GASTRIC DISORDER
191703951,MIGRAINE
191714941,RESTLESSNESS
191778741,HYPOAESTHESIA ORAL
191778741,PARAESTHESIA
191800081,FEELING ABNORMAL
191862181,THERAPEUTIC PRODUCT EFFECT VARIABLE
191874811,DIZZINESS
191878721,DIZZINESS
191878721,NAUSEA
191890021,FEELING ABNORMAL
191890902,EUPHORIC MOOD
191890902,FEELING ABNORMAL
191890902,SLEEP DISORDER
191902291,NAUSEA
191968671,DIZZINESS
191968671,FATIGUE
191968671,HEADACHE
191968671,SEROTONIN SYNDROME
192070611,SEDATION
192070611,WRONG TECHNIQUE IN PRODUCT USAGE PROCESS
192089942,NO ADVERSE EVENT
192113892,AUTOSCOPY
192113892,FEELING ABNORMAL
192113892,"HALLUCINATION, VISUAL"
192113892,SOMNOLENCE
192143782,DIZZINESS
192143782,DRUG EFFECT LESS THAN EXPECTED
192143782,MUSCLE FATIGUE
192143782,SEDATION
192197671,DIZZINESS
192197671,PALPITATIONS
192217491,SEIZURE
192242031,LOWER LIMB FRACTURE
192242031,SEDATION
192267561,LOSS OF CONSCIOUSNESS
192267561,MIGRAINE
192273391,CONFUSIONAL STATE
192273391,FEELING ABNORMAL
192273391,FEELING OF BODY TEMPERATURE CHANGE
192273391,PALPITATIONS
192273401,MEDICATION OVERUSE HEADACHE
192273412,FEELING ABNORMAL
192273412,FORMICATION
192273412,PALPITATIONS
192273412,"SLEEP DISORDER DUE TO GENERAL MEDICAL CONDITION, INSOMNIA TYPE"
192314302,DISSOCIATION
192314302,FEELING ABNORMAL
192314441,SOMNOLENCE
192343031,DIZZINESS
192343031,SOMNOLENCE
192343031,VOMITING
192351112,EUPHORIC MOOD
192351112,IMPAIRED DRIVING ABILITY
192351112,SEDATION
192358622,DISCOMFORT
192358622,FEAR
192358622,FEELING ABNORMAL
192358622,HEAD DISCOMFORT
192358622,INITIAL INSOMNIA
192367302,SKIN DISCOLOURATION
192398851,PARAESTHESIA
192398851,"SLEEP DISORDER DUE TO GENERAL MEDICAL CONDITION, INSOMNIA TYPE"
192398921,DIZZINESS
192398921,VISUAL IMPAIRMENT
192414681,DIZZINESS
192414681,FEELING ABNORMAL
192430601,SOMNOLENCE
192433291,FATIGUE
192433291,HEAD DISCOMFORT
192433291,PARAESTHESIA
192433291,SOMNOLENCE
192442871,DRUG INEFFECTIVE
192442871,OFF LABEL USE
192442871,SEDATION
192444821,DIZZINESS
192444821,DRUG INEFFECTIVE
192444821,HAEMATEMESIS
192444821,LOSS OF CONSCIOUSNESS
192470481,FEELING ABNORMAL
192470481,FEELING JITTERY
192470481,HEART RATE INCREASED
192496051,HEART RATE DECREASED
192496471,HEADACHE
192496471,HYPOAESTHESIA
192519361,DRUG INEFFECTIVE
192538791,CHILLS
192538791,EUPHORIC MOOD
192538791,HYPERHIDROSIS
192538791,HYPOAESTHESIA
192538791,VOMITING
192544371,NAUSEA
192564801,FEELING ABNORMAL
192564821,FATIGUE
192576801,DIZZINESS
192576801,DRUG INTOLERANCE
192619361,DYSPNOEA
192619361,INSOMNIA
192807631,DISCOMFORT
192807631,FATIGUE
192807631,HYPOAESTHESIA
192807631,PARAESTHESIA
192841251,HALLUCINATION
192879461,HYPERSENSITIVITY
192908441,VOMITING
192915051,EUPHORIC MOOD
192915051,FEELING ABNORMAL
192915051,SOMNOLENCE
193055241,SOMNOLENCE
193212931,ANXIETY
193212931,INSOMNIA
193566661,MIGRAINE
193566661,TUNNEL VISION
193579331,MIGRAINE
193716221,HANGOVER
193747331,HALLUCINATION
193992201,SEDATION
194047481,DIZZINESS
194047551,FEELING ABNORMAL
194051841,MUSCLE SPASMS
194104651,DIZZINESS
194104651,FEELING HOT
194104651,HYPERHIDROSIS
194153782,DRUG INEFFECTIVE
194157412,DRUG INEFFECTIVE
194160422,DRUG INEFFECTIVE
194163061,DRUG INEFFECTIVE
194163061,SEDATION
194163072,DRUG INEFFECTIVE
194163222,DRUG INEFFECTIVE
194182621,SOMNOLENCE
194209801,DEATH
194219861,DIZZINESS
194219861,HYPOAESTHESIA
194413431,PARAESTHESIA
194428941,CONFUSIONAL STATE
194428941,CRYING
194428941,DRUG INEFFECTIVE
194428941,DYSKINESIA
194428941,FEAR
194428941,FEELING ABNORMAL
194428941,GAIT DISTURBANCE
194428941,HYPERHIDROSIS
194428941,HYPOAESTHESIA
194428941,MANIA
194428941,MENTAL IMPAIRMENT
194428941,MUSCLE TWITCHING
194428941,PANIC ATTACK
194428941,PARAESTHESIA
194428941,RESTLESS LEGS SYNDROME
194428941,SEROTONIN SYNDROME
194465511,BURNING SENSATION
194620171,HEADACHE
194620761,ATAXIA
194620761,SOMNOLENCE
194662942,FEELING ABNORMAL
194662942,NAUSEA
194666392,FEELING ABNORMAL
194666392,NAUSEA
194757421,DIZZINESS
194757421,SEDATION
194790211,FEELING ABNORMAL
189740642,FEELING ABNORMAL
189740642,PARAESTHESIA
190637463,SOMNOLENCE
190810022,BALANCE DISORDER
190810022,DIZZINESS
190810022,FALL
190810022,PRODUCT PRESCRIBING ERROR
190810022,SEDATION
190810022,UPPER LIMB FRACTURE
191242013,COVID-19
192908403,DIZZINESS
192908403,SEDATION
192950582,DROOLING
192950582,FEELING DRUNK
193992012,NO ADVERSE EVENT
194050192,SEDATION
194065632,DIZZINESS
194065632,PRESYNCOPE
194850071,DIZZINESS
194850071,FEELING DRUNK
194850071,THERAPEUTIC PRODUCT EFFECT DECREASED
194853771,HALLUCINATION
194895472,FATIGUE
194895472,LETHARGY
194895472,SOMNOLENCE
194904391,PARAESTHESIA
194905731,ASTHENIA
194905731,FALL
194905731,FATIGUE
194907061,PARAESTHESIA
194954651,DIZZINESS
195003562,HEADACHE
195003562,THERAPEUTIC PRODUCT EFFECT DELAYED
195061431,DIZZINESS
195172311,MALAISE
195210761,DEATH
195284221,FEELING DRUNK
195401262,DIZZINESS
195401262,HALLUCINATION
195582511,DIZZINESS
195582511,INJECTION SITE ERYTHEMA
195582511,SEDATION
195595111,DIZZINESS
195595111,HEADACHE
195870841,DRUG SCREEN POSITIVE
195902601,NAUSEA
195928282,BLOOD PRESSURE INCREASED
195928282,PARAESTHESIA
195968771,ROAD TRAFFIC ACCIDENT
196019721,DIZZINESS
196061651,VISION BLURRED
196062731,SOMNOLENCE
196248131,CHEST PAIN
196248131,DISORIENTATION
196248131,HEART RATE INCREASED
196248131,HYPOAESTHESIA
196248131,LIMB DISCOMFORT
196256682,NO ADVERSE EVENT
196262381,DIZZINESS
196262381,SEDATION
196329241,ABULIA
196330211,ABULIA
196330251,DIZZINESS
196330251,SOMNOLENCE
196386241,NAUSEA
196390261,AGITATION
196390261,FEELING ABNORMAL
196390261,FEELING DRUNK
196390261,SOMNOLENCE
196468081,"HALLUCINATION, VISUAL"
196544331,DIZZINESS
196544331,HEADACHE
196655531,EUPHORIC MOOD
196655531,HALLUCINATION
196670391,MIGRAINE
196676601,SEIZURE
196757971,COVID-19
196757971,FEELING ABNORMAL
196757971,MIGRAINE
196770752,COVID-19
196770752,DEAFNESS
196770752,FATIGUE
196770752,HEAD DISCOMFORT
196770752,HEADACHE
196770752,HYPERACUSIS
196770752,LACRIMATION INCREASED
196770752,MALAISE
196770752,NAUSEA
196770752,NECK PAIN
196770752,PHOTOPHOBIA
196770752,THERAPEUTIC PRODUCT EFFECT INCOMPLETE
196777381,DIZZINESS
196777381,EUPHORIC MOOD
196948121,HALLUCINATION
197024981,DIZZINESS
197040751,DIZZINESS
197076331,SOMNOLENCE
197218611,FATIGUE
197218611,IRRITABILITY
197218611,NIGHTMARE
197218611,SOMNOLENCE
197237932,HALLUCINATION
197241501,FEELING ABNORMAL
197241501,HALLUCINATION
197289561,DIZZINESS
197289561,INSOMNIA
197290941,HALLUCINATION
197291611,PARAESTHESIA
197442361,DIZZINESS
197442361,FEELING ABNORMAL
197478521,FEELING ABNORMAL
197478521,INSOMNIA
197478521,MALAISE
197479721,FEELING ABNORMAL
197479721,INSOMNIA
197479721,MALAISE
197482261,DISORIENTATION
197482261,DIZZINESS
197482261,DRUG INEFFECTIVE
197515871,SEROTONIN SYNDROME
197530011,ABNORMAL DREAMS
197530011,DISCOMFORT
197531701,HYPOAESTHESIA ORAL
197531701,SALIVARY HYPERSECRETION
197531701,SEDATION
197651931,DIZZINESS
197651931,FEELING ABNORMAL
197653801,PARAESTHESIA
197677731,DIZZINESS
197677731,FATIGUE
197729951,DIZZINESS
197729951,DRUG INEFFECTIVE
197729951,FATIGUE
197729951,HEADACHE
197732021,DEATH
197938341,FATIGUE
197995831,SOMNOLENCE
197997181,SOMNOLENCE
198134281,FATIGUE
198134281,NAUSEA
198134281,VOMITING
198164082,FATIGUE
198164082,HANGOVER
198164082,SOMNOLENCE
198312491,SOMNOLENCE
198312511,NIGHTMARE
198345001,DYSARTHRIA
198345001,HYPOAESTHESIA
198345001,MUSCULAR WEAKNESS
198345001,PARAESTHESIA
198378421,DISCOMFORT
198378421,TREMOR
198431822,ASTHENIA
198431822,BLOOD PRESSURE INCREASED
198431822,DIZZINESS
198431822,EUPHORIC MOOD
198431822,FEELING ABNORMAL
198431822,FEELING JITTERY
198431822,GAIT DISTURBANCE
198431822,TREMOR
198557381,FALL
198662781,HEART RATE DECREASED
198662781,VISUAL IMPAIRMENT
198697591,DIZZINESS
198697591,HYPOAESTHESIA
198697591,PARAESTHESIA
198697591,PRESYNCOPE
198863571,DISORIENTATION
198863571,DIZZINESS
198863571,FATIGUE
199017681,FEELING ABNORMAL
189699823,ANXIETY
189699823,TENSION
189699823,FEELING ABNORMAL
189699823,DRUG INEFFECTIVE
192158742,MOUTH SWELLING
192158742,HALLUCINATION
192158742,MIGRAINE WITH AURA
194666312,FEELING DRUNK
194666312,FEELING ABNORMAL
194666312,LETHARGY
196590562,BALANCE DISORDER
196590562,PALPITATIONS
196590562,PARAESTHESIA
196590562,MUSCULAR WEAKNESS
196590562,MALAISE
196590562,IMPERCEPTION
196590562,DIZZINESS
196590562,FEELING DRUNK
197494722,ABNORMAL DREAMS
199175461,DRUG INEFFECTIVE
199194131,DEPRESSION
199194791,OFF LABEL USE
199194791,CHEST PAIN
199194802,DEPRESSION
199229011,MUSCULAR WEAKNESS
199267221,PRURITUS
199274661,MUSCLE TWITCHING
199274661,LIMB DISCOMFORT
199274661,SEDATION
199274661,EUPHORIC MOOD
199274671,AGITATION
199274671,HEART RATE ABNORMAL
199313051,PARANOIA
199313051,INSOMNIA
199313071,SOMNOLENCE
199313071,NERVOUSNESS
199378062,FATIGUE
199378071,HYPERSOMNIA
199381201,SOMNOLENCE
199381201,PARAESTHESIA
199381201,FEELING ABNORMAL
199382071,DRUG INEFFECTIVE
199406673,SPINAL OSTEOARTHRITIS
199406673,VITREOUS FLOATERS
199406673,VISION BLURRED
199406673,"HALLUCINATION, VISUAL"
199406711,NAUSEA
199406711,DIZZINESS
199514321,SEDATION
199515531,SEDATION
199548161,DIZZINESS
199621111,PARAESTHESIA
199653231,SEDATION
199655241,IRRITABILITY
199655241,MYDRIASIS
199730862,PAIN
199770821,SOMNOLENCE
199812401,DIZZINESS
199813621,HYPERSOMNIA
199832131,NAUSEA
199832261,NAUSEA
199900552,SOMNOLENCE
199900552,CHILLS
199900552,TREMOR
200027811,PARAESTHESIA
200111311,FALL
200175751,ABDOMINAL DISCOMFORT
200175751,SLEEP DISORDER
200449031,PARAESTHESIA
200456991,FEELING ABNORMAL
200457002,ELECTRIC SHOCK SENSATION
200457381,INAPPROPRIATE SCHEDULE OF PRODUCT ADMINISTRATION
200457381,HEADACHE
200457921,HALLUCINATION
200457921,URTICARIA
200464941,SOMNOLENCE
200467772,PARAESTHESIA
200467772,PALPITATIONS
200474281,PARAESTHESIA
200474281,SOMNOLENCE
200505021,ELECTRIC SHOCK SENSATION
200515521,SEDATION
200568481,FEELING ABNORMAL
200605451,DYSPHORIA
200799081,SOMNOLENCE
200799081,PHOTOPSIA
200838401,MALAISE
200936291,DIZZINESS
200936291,FEELING ABNORMAL
200936291,PARAESTHESIA
200936291,DRUG INEFFECTIVE
200936291,TREMOR
200936291,SEDATION
200936291,FATIGUE
200983421,DEATH
201211941,DISORIENTATION
201211941,DYSARTHRIA
201211941,VISION BLURRED
201211941,HYPOAESTHESIA
201211941,PARAESTHESIA
201211941,DIZZINESS
201211941,CONFUSIONAL STATE
201252991,DYSARTHRIA
201252991,C-REACTIVE PROTEIN INCREASED
201252991,HAEMOPHAGOCYTIC LYMPHOHISTIOCYTOSIS
201252991,LIMB DISCOMFORT
201252991,FACIAL PARALYSIS
201252991,ILLNESS
201252991,WHITE BLOOD CELL COUNT INCREASED
201252991,MULTIPLE SCLEROSIS
201543601,HALLUCINATION
201545591,FEELING ABNORMAL
201629462,FEELING ABNORMAL
201629462,NAUSEA
201690631,THERAPY NON-RESPONDER
201735391,FEELING ABNORMAL
190638982,SOMNOLENCE
190638982,DRUG INEFFECTIVE
190638982,CONSTIPATION
201711582,DIZZINESS
201711582,SKULL FRACTURE
201711582,FALL
202776771,MALAISE
202776771,SOMNOLENCE
202776771,MENTAL IMPAIRMENT
203208222,NO ADVERSE EVENT
203497221,HEADACHE
203675681,SOMNOLENCE
203675681,DIZZINESS
203678211,ANXIETY
203678211,CONFUSIONAL STATE
203678211,ABNORMAL DREAMS
203732201,DRUG INEFFECTIVE
203732212,PANIC ATTACK
203732212,CRYING
203732791,MOBILITY DECREASED
203732801,MUSCULAR WEAKNESS
203732801,DIZZINESS
203806501,HYPOAESTHESIA
203846641,PARALYSIS
203891581,RESTLESS LEGS SYNDROME
204085481,HALLUCINATION
204141561,NAUSEA
204141561,EXPIRED PRODUCT ADMINISTERED
204141561,FEELING ABNORMAL
204141561,MUSCLE SPASMS
204141561,MOBILITY DECREASED
204513851,HALLUCINATION
204548911,DEATH
204574521,SOMNOLENCE
204771431,BRADYCARDIA
204813231,DIZZINESS
204813231,FATIGUE
205277451,ABNORMAL DREAMS
205277451,HALLUCINATION
206104941,DISCOMFORT
206104941,PALPITATIONS
206104941,DRUG EFFECT LESS THAN EXPECTED
206104941,INSOMNIA
206104941,FEELING ABNORMAL
206348831,SOMNOLENCE
206348831,FATIGUE
206349071,HALLUCINATION
206469721,FEELING DRUNK
206548011,SOMNOLENCE
200305442,SUICIDE ATTEMPT
200305442,DREAMY STATE
200305442,DEPRESSED MOOD
200305442,ANXIETY
200305442,WRONG TECHNIQUE IN PRODUCT USAGE PROCESS
206561353,DRUG INEFFECTIVE
206561353,MADAROSIS
206667761,DIZZINESS
206667761,FATIGUE
206667761,MOBILITY DECREASED
206667761,SOMNOLENCE
206943851,DRUG INEFFECTIVE
206943851,EXPIRED PRODUCT ADMINISTERED
207009951,"HALLUCINATIONS, MIXED"
207010012,"HALLUCINATIONS, MIXED"
207323951,MUSCULAR WEAKNESS
207375331,DIZZINESS
207443921,NAUSEA
207443921,VOMITING
207482751,FEELING ABNORMAL
207482751,NAUSEA
207482751,DIZZINESS
207482751,SOMNOLENCE
207514261,THERAPY NON-RESPONDER
207663361,TREMOR
208165451,SEDATION
208165451,FATIGUE
208165451,SOMNOLENCE
208309801,FATIGUE
208309801,DRUG INEFFECTIVE
208331611,HALLUCINATION
208372481,MIGRAINE
208590781,HEADACHE
208653661,NAUSEA
209172821,DRUG INEFFECTIVE
209222011,SEDATION
209222011,DIZZINESS
209223801,FEELING DRUNK
209320671,DEATH
209807791,DIARRHOEA
210827332,"HALLUCINATION, VISUAL"
210827332,DIZZINESS
210827332,TREMOR
210827332,ASTHENIA
210827332,TINNITUS
211476112,SEROTONIN SYNDROME
211476112,NEURALGIA
211476112,FEELING COLD
211476112,MUSCULAR WEAKNESS
211724982,VOMITING
211724982,NAUSEA
211724982,SYNCOPE
211736851,LIMB DISCOMFORT
211769842,CHILLS
211769842,HYPERHIDROSIS
211979021,COVID-19
212019061,SOMNOLENCE
212019061,DIZZINESS
212129321,HALLUCINATION
212168322,AMNESIA
212168322,LOSS OF CONSCIOUSNESS
212186592,MUSCULAR WEAKNESS
212186592,BLOOD CREATININE INCREASED
212186592,DERMATITIS CONTACT
212186592,HOT FLUSH
212186592,DIZZINESS
212308101,COVID-19
212549121,SEDATION
212549141,DISORIENTATION
212549141,FALL
212549141,DIZZINESS
212683241,SOMNOLENCE
212683241,FATIGUE
212711451,SOMNOLENCE
212711451,EUPHORIC MOOD
212715641,DRUG HYPERSENSITIVITY
213156691,NAUSEA
213212951,SOMNOLENCE
213213561,DRUG INEFFECTIVE
213467671,FEELING ABNORMAL
213467671,SEDATION
213872001,DIZZINESS
213872001,TREMOR
213872001,DYSPNOEA
213872001,PALPITATIONS
213889501,SEDATION
213889531,SEDATION
210374543,NAUSEA
210374543,DIZZINESS
210374543,DIPLOPIA
210374543,IMPAIRED DRIVING ABILITY
210374543,FEELING ABNORMAL
210711412,SOMNOLENCE
213999581,OVERDOSE
214119051,DRUG INEFFECTIVE
214457411,DEATH
214518691,SEIZURE
214627551,FEELING ABNORMAL
214818671,ABNORMAL DREAMS
214818671,INSOMNIA
214818671,AURA
214818671,PSYCHOTIC DISORDER
215051261,ANXIETY
215051261,PALPITATIONS
215146033,VERTIGO
215146033,TONIC CONVULSION
215509991,DRUG INEFFECTIVE
215669911,MUSCLE SPASMS
215669911,DISCOMFORT
215669911,NAUSEA
215669911,PARAESTHESIA
215669911,PAIN IN EXTREMITY
215669911,MYALGIA
215669911,EXPIRED PRODUCT ADMINISTERED
216193171,DRUG INEFFECTIVE
216193171,ABNORMAL DREAMS
216300751,DRUG INTOLERANCE
216300771,MENTAL IMPAIRMENT
216514261,DIZZINESS
216648931,RESTLESS LEGS SYNDROME
216648931,SLEEP DISORDER
217330241,PARAESTHESIA ORAL
217330241,DISORIENTATION
217330241,"HALLUCINATION, VISUAL"
217330241,PARAESTHESIA
217330241,DIZZINESS
197984043,SEIZURE
213959503,EPILEPSY
213959503,DRUG INEFFECTIVE
219042061,MYOCLONUS
219042061,ANXIETY
219042061,INSOMNIA
219074251,PANIC ATTACK
219074251,PARANOIA
219275771,ANXIETY
219275771,SOMNOLENCE
219275771,PARANOIA
219336071,COUGH
219336071,OFF LABEL USE
220055921,FATIGUE
220055921,MUSCLE TWITCHING
220055921,DISCOMFORT
220055921,MOVEMENT DISORDER
220055921,VENTRICULAR EXTRASYSTOLES
220055921,INSOMNIA
220055921,MUSCULAR WEAKNESS
220055921,MUSCLE SPASMS
220055921,MYALGIA
220055921,GAIT DISTURBANCE
220055921,HEADACHE
220174401,MIGRAINE
220174401,HALLUCINATION
220174401,DISORIENTATION
220174401,FATIGUE
220174401,ILLNESS
220174401,DIZZINESS
220174401,HYPOAESTHESIA
220174401,PARAESTHESIA
220174401,SOMNOLENCE
220178981,NAUSEA
220178981,DRUG INTOLERANCE
220309222,HEADACHE
220554781,SEDATION
220948761,DRUG INEFFECTIVE
221010161,DRUG INEFFECTIVE
221010161,DIZZINESS
221089061,DRUG INEFFECTIVE
221094112,HYPOAESTHESIA
221094112,PULMONARY EMBOLISM
221196041,FEELING ABNORMAL
221396191,ILLNESS
221396191,NAUSEA
213656975,SUICIDAL IDEATION
213656975,IRRITABILITY
221639071,FEELING ABNORMAL
221883771,DRUG INEFFECTIVE
221883771,ABDOMINAL DISCOMFORT
221883771,FALL
221948571,DRUG INEFFECTIVE
221948571,GASTROINTESTINAL PAIN
222211241,FEELING ABNORMAL
222255521,PRODUCT TAMPERING
222255521,SLEEP DISORDER
222505451,ABNORMAL BEHAVIOUR
222794991,MIGRAINE
222795031,DIZZINESS
222795031,FEELING ABNORMAL
222821541,RESTLESS LEGS SYNDROME
222916581,FALL
222916581,WRONG TECHNIQUE IN PRODUCT USAGE PROCESS
222940171,HEADACHE
222974201,SEDATION
222991941,DEATH
223368231,SEDATION
223543291,BRAIN FOG
223649231,OFF LABEL USE
223649231,MEMORY IMPAIRMENT
223911871,TREMOR
223911871,DIARRHOEA
223911871,DIZZINESS
223911871,SOMNOLENCE
223911871,PARAESTHESIA
223911871,HYPOAESTHESIA
223911871,FATIGUE
223911871,MOBILITY DECREASED
223939281,PANIC ATTACK
223939281,HALLUCINATION
226078331,DRUG INTOLERANCE
226078331,INTERCEPTED PRODUCT PRESCRIBING ERROR
226277781,ILLNESS
227972881,SOMNOLENCE
227972881,ANXIETY
227972881,AGITATION
227972881,ALTERED STATE OF CONSCIOUSNESS
227972881,FATIGUE
227972881,PANIC REACTION
227972881,FEELING OF BODY TEMPERATURE CHANGE
228254401,DRUG INEFFECTIVE
228512121,MEDICATION OVERUSE HEADACHE
228744541,DRUG INEFFECTIVE
229100781,ASTHENIA
229147991,ASTHENIA
229148001,ASTHENIA
229039812,HEART RATE INCREASED
229039812,NIGHTMARE
229039812,VENTRICULAR EXTRASYSTOLES
229039812,PARAESTHESIA
229039812,INSOMNIA
229039812,HALLUCINATION
229619773,QUADRIPLEGIA
231902221,PRURITUS
232478721,FATIGUE
232643951,DIZZINESS
232643951,SLEEP DISORDER
232732091,MIGRAINE
233428111,THROMBOSIS
233428111,HIATUS HERNIA
233898261,ILLNESS
233898261,INFLUENZA
233898261,MALAISE
233943211,QUADRIPLEGIA
234018503,DIZZINESS
234018503,SOMNOLENCE
234018503,FIBROMYALGIA
234059761,"HALLUCINATION, VISUAL"
234059761,ANXIETY
234095301,INSOMNIA
234095301,SOMNOLENCE
234621131,MIGRAINE
234680341,DRUG INEFFECTIVE
234914061,HEADACHE
234990251,DRUG HYPERSENSITIVITY
235479741,HEADACHE
235734471,IMPAIRED DRIVING ABILITY
235734471,BRAIN FOG
235734471,MUSCULAR WEAKNESS
235734471,EAR PAIN
236082711,SOMNOLENCE
236082711,FLUSHING
236082711,PRURITUS
236144571,SINUSITIS
236144571,BRAIN FOG
236257421,IMPAIRED DRIVING ABILITY
236257421,BRAIN FOG
236319571,MEMORY IMPAIRMENT
236319571,VISUAL IMPAIRMENT
236319571,COGNITIVE DISORDER
236319571,HEMIANOPIA
236319571,APHASIA
236319571,"HALLUCINATION, VISUAL"
236319571,MIGRAINE
237433271,SOMNOLENCE
237433271,MUSCULAR WEAKNESS
237433271,BALANCE DISORDER
237433271,DYSARTHRIA
237433271,DIARRHOEA
237433271,NAUSEA
237446911,DIZZINESS
237446911,DEPRESSION
237446911,NAUSEA
237446911,ANXIETY
237446911,SUICIDAL IDEATION
237523901,MATERNAL EXPOSURE BEFORE PREGNANCY
237523901,ABORTION SPONTANEOUS
237810102,HEART RATE INCREASED
237810102,ABNORMAL DREAMS
238046271,ANXIETY
238046271,SUICIDAL IDEATION
238125071,EPISTAXIS
238125071,BLOOD PRESSURE INCREASED
238125071,HEADACHE
238282971,VENTRICULAR EXTRASYSTOLES
238282971,BRADYCARDIA
238321481,RESTLESSNESS
238321481,HEMIPARESIS
238321481,HYPERHIDROSIS
238321481,MUSCULAR WEAKNESS
238321481,DIZZINESS
238321481,SLOW SPEECH
238321481,ANXIETY
238321481,NAUSEA
238321481,PANIC REACTION
238393632,OFF LABEL USE
239695061,VEIN DISORDER
240036491,SOMNOLENCE
240246711,MOBILITY DECREASED
240246711,DISTURBANCE IN ATTENTION
240246711,PAIN
240246711,MEMORY IMPAIRMENT
237999502,VENTRICULAR EXTRASYSTOLES
237999502,ANGINA PECTORIS
237999502,ARRHYTHMIA
238102682,TRANSIENT ISCHAEMIC ATTACK
239158543,SUICIDAL IDEATION
242295741,CEREBROVASCULAR ACCIDENT
242295741,SPEECH DISORDER
242295741,MIGRAINE
242295741,DECREASED APPETITE
242295741,EYE DISORDER
242295741,HEMIPLEGIC MIGRAINE
242295741,STRESS
242597661,SOMNOLENCE
242597661,IMAGING PROCEDURE ABNORMAL
242597661,NAUSEA
242597661,CEREBROVASCULAR ACCIDENT
242597661,DIZZINESS
242597661,OFF LABEL USE
242687791,FEELING ABNORMAL
242687791,HALLUCINATION
242795021,DRUG INEFFECTIVE
243093591,HYPERSENSITIVITY
243093591,HEADACHE
243556621,MIGRAINE
243556621,FEELING ABNORMAL
242449273,LOSS OF CONSCIOUSNESS
243816081,HEADACHE
244092911,FRUSTRATION TOLERANCE DECREASED
245582671,DIZZINESS
245582981,DIZZINESS
245582981,GAIT DISTURBANCE
245848032,SEROTONIN SYNDROME
245848032,OFF LABEL USE
246075141,COVID-19
246075141,GASTRITIS
246075141,EAR INFECTION
246215061,DRUG ERUPTION
247270191,HEART RATE DECREASED
247270191,BLOOD PRESSURE DECREASED
248979871,DRUG INEFFECTIVE
249707301,MIGRAINE
249787571,MIGRAINE
249787571,LOSS OF PERSONAL INDEPENDENCE IN DAILY ACTIVITIES
249787571,GAIT DISTURBANCE
249787571,BALANCE DISORDER
249787571,DISTURBANCE IN ATTENTION
249787571,TOXICITY TO VARIOUS AGENTS
249955221,DRUG HYPERSENSITIVITY
249955221,FORMICATION
249955221,DYSKINESIA
251197981,HEADACHE
251197981,CEREBROVASCULAR ACCIDENT
251319121,DRUG INEFFECTIVE
